Movie Name,IMDB Ratings,Metascore
Y Tu Mamá También,,
The Yards,6.4,58
Year One,4.9,34
The Yellow Handkerchief,6.9,62
Yentl,6.6,
Yes,6.5,55
Yes Man,6.9,46
Yesterday Was a Lie,5.4,
Yi dai zong shi,,
Yoga Hosers,,
Yogi Bear 3D,4.5,35
You Again,5.8,28
You Can Count on Me,7.7,85
You Don't Mess With the Zohan,5.5,54
You Got Served,3.3,37
You Got Served: Beat The World,,
You Kill Me,6.5,64
"You, Me and Dupree",5.6,46
You Only Live Twice,6.9,
You Will Meet a Tall Dark Stranger,6.3,51
Young Adult,6.3,71
Young Frankenstein,8.1,
Young Guns,6.8,50
Young Sherlock Holmes,6.8,
The Young Victoria,7.3,64
Your Highness,5.6,31
Your Sister's Sister,6.7,72
"Yours, Mine and Ours",7.1,
Youth in Revolt,6.5,63
You've Got Mail,6.5,57
Yu-Gi-Oh,,
MacGruber,5.4,43
Machete,6.7,60
Machete Kills,5.7,41
Machine Gun Preacher,6.8,43
The Machinist,7.8,61
Mad City,6.2,45
Mad Hot Ballroom,7.6,71
Mad Max,7.0,
Mad Max 2: The Road Warrior,,
Mad Max Beyond Thunderdome,6.2,
Mad Money,5.7,41
Madadayo,7.5,76
Madagascar,6.9,57
Madagascar 3: Europe's Most Wanted,7.0,60
Madagascar: Escape 2 Africa,6.7,61
Made,6.5,62
Made in Dagenham,7.2,65
Made of Honor,5.8,37
Madea Goes To Jail,3.9,50
Madea's Family Reunion,4.8,45
Madison,6.4,43
Maggie,,
The Magic Flute,6.6,
Magic Mike,6.1,72
Magnolia,8.0,77
Maid in Manhattan,4.9,45
The Maid's Room,4.6,39
The Majestic,6.9,27
Major Dundee,6.8,62
Major League,7.2,
La mala educación,,
Malcolm X,7.7,72
Maleficent,7.2,56
Malevolence,5.1,43
Malibu's Most Wanted,5.0,43
Mallrats,7.2,41
Mama,6.3,57
Mamma Mia!,6.4,51
A Man Apart,6.1,36
Man cheng jin dai huang jin jia,,
The Man From Earth,8.0,
The Man From Snowy River,7.2,
The Man in the Iron Mask,6.4,48
Man of Steel,7.3,55
Man of the House,5.4,35
Man of the Year,6.2,39
Man on Fire,7.8,47
Man on a Ledge,6.6,40
Man on the Moon,7.5,58
Man on Wire,7.9,89
Män som hatar kvinnor,,
The Man,5.5,33
The Man Who Knew Too Little,6.6,
The Man with the Golden Gun,6.8,
The Man with the Iron Fists,5.4,51
The Manchurian Candidate,6.6,76
Mandela: Long Walk to Freedom,7.1,60
Manderlay,7.4,46
Mao's Last Dancer,7.4,55
Mar adentro,,
La marche de l'empereur,,
Marci X,2.7,20
Margaret,6.4,61
Margin Call,7.1,76
Maria Full of Grace,7.5,87
The Adventurer: The Curse of the Midas Box,5.4,41
Marie Antoinette,6.4,65
La mariée était en noir ,,
Marilyn Hotchkiss' Ballroom Dancing and Charm School,,
The Marine,4.6,45
Marmaduke,4.1,30
Married Life,6.3,65
Mars Attacks!,6.3,52
Mars Needs Moms,5.4,49
Martha Marcy May Marlene,7.0,76
The Martian Child,,
Martin Lawrence Live: RunTelDat,,
Marvin's Room,6.7,68
Mary Poppins,7.8,
Mary Reilly,5.8,44
The Mask of Zorro,6.7,63
The Mask,6.8,56
Masked and Anonymous,5.5,32
Master and Commander: The Far Side of the World,7.4,81
The Master of Disguise,3.3,12
The Master,7.1,86
The Matador,6.8,65
Match Point,7.7,72
The Matrix Reloaded,7.2,62
The Matrix Revolutions,6.7,47
The Matrix,8.7,73
Maurice Richard,,
Max Keeble's Big Move,5.3,40
Max Payne,5.4,31
Maximum Risk,5.3,
McHale's Navy,4.3,
Me and Orson Welles,6.8,73
Me and You and Everyone We Know,7.4,76
"Me, Myself & Irene",6.5,49
Mean Creek,7.3,74
Mean Girls,7.0,66
The Mechanic,6.5,49
The Medallion,5.0,38
Medicine Man,5.9,
Meek's Cutoff,6.5,85
Meet Dave,4.9,43
Meet Joe Black,7.1,43
Meet the Browns,3.8,45
Meet the Deedles,3.8,
Meet the Fockers,6.3,41
Meet the Parents,7.0,73
Meet the Spartans,2.6,9
Megaforce,3.4,
Megamind,7.3,63
Megiddo: Omega Code 2,,
Melancholia,7.1,80
Memento,8.5,80
Memoirs of a Geisha,7.3,54
Memoirs of an Invisible Man,5.9,
Men in Black,7.2,71
Men in Black 2,6.0,49
Men in Black 3,6.9,58
Men of Honor,7.1,56
The Men Who Stare at Goats,6.3,54
Men with Brooms,5.9,
Menace II Society,7.5,76
The Merchant of Venice,7.1,63
Mercury Rising,6.0,
Mercy Streets,5.6,28
Message in a Bottle,6.1,39
The Messenger,7.2,77
The Messenger: The Story of Joan of Arc,,
The Messengers,5.4,34
Metallica Through the Never,7.3,61
Meteor,4.9,
Metropolis (2002),,
The Mexican,6.1,43
Miami Vice,6.0,65
Michael Clayton,7.3,82
Michael Collins,7.1,60
Michael Jackson's This Is It,,
Michael Jordan to the MAX,,
Mickey Blue Eyes,5.8,49
Micmacs,7.2,62
Midnight Cabaret,4.5,
Midnight in Paris,7.7,81
Midnight in the Garden of Good and Evil,6.6,57
Midnight Meat Train,6.2,58
Midnight Run,7.6,78
The Mighty Ducks,6.4,
A Mighty Heart,6.7,74
Mighty Joe Young,5.5,
The Mighty Macs,6.5,49
The Mighty,7.3,
A Mighty Wind,7.3,81
Milk,7.7,84
Million Dollar Arm,7.3,57
Million Dollar Baby,8.1,86
A Million Ways to Die in The West,6.2,45
Mindhunters,6.4,33
Mine Vaganti,,
Minority Report,7.7,80
Miracle at St. Anna,6.0,37
Miracle,7.5,68
The Mirror Has Two Faces,6.4,
Mirror Mirror,5.6,46
MirrorMask,7.0,55
Mirrors,6.2,35
Les Miserables,6.9,
Miss Congeniality,6.1,43
Miss Congeniality 2: Armed and Fabulous,4.9,34
Miss March,5.0,7
Miss Potter,7.0,57
The Missing,6.5,55
Mission: Impossible,7.1,60
Mission: Impossible 2,6.0,60
Mission: Impossible III,6.8,66
Mission: Impossible - Ghost Protocol,7.4,73
Mission to Mars,5.5,34
The Mist,7.2,58
Mo' Better Blues,6.5,
Moby Dick,7.4,
Modern Problems,4.9,
Modern Times,8.6,96
Molière,7.3,59
The Molly Maguires,6.9,
La Môme,,
Mommie Dearest,6.6,
Mona Lisa Smile,6.4,45
Money Talks,6.1,
Money Train,5.5,
Moneyball,7.6,87
The Mongol King,,
Monkeybone,4.7,40
Mononoke-hime,,
Monsoon Wedding,7.4,77
Monster,7.3,74
Monster House,6.7,68
Monster-in-Law,5.4,31
Monsters,6.4,63
Monster's Ball,7.1,69
"Monsters, Inc.",8.1,78
Monsters University,7.4,65
Monsters vs. Aliens,6.6,56
Monte Carlo,5.7,43
Monty Python and the Holy Grail,8.4,90
The Monuments Men,6.1,52
Moon,8.0,67
Moonlight Mile,6.7,59
Moonraker,6.2,
Moonrise Kingdom,7.8,84
MOOZ-lum,6.7,48
Morning Glory,6.5,57
The Mortal Instruments: City of Bones,6.0,33
Mortal Kombat,5.8,58
Mortal Kombat: Annihilation,3.6,11
Motherhood,4.6,34
The Mothman Prophecies,6.5,52
Moulin Rouge,7.2,
Mouse Hunt,,
Movie 43,4.4,18
Mr. 3000,5.5,57
Mr. And Mrs. Smith,6.5,55
Mr. Bean's Holiday,6.3,56
Mr. Deeds,5.8,24
Mr. Nice Guy,5.4,
Mr. Peabody & Sherman,7.0,59
Mr. Poppers's Penguins,,
Mr. Smith Goes To Washington,8.3,
Mrs. Doubtfire,6.8,53
Mrs. Henderson Presents,7.1,71
Mrs. Winterbourne,6.1,35
Much Ado About Nothing,7.3,78
Mud,7.5,76
The Mudge Boy,7.3,62
Mulan,7.5,71
Mulholland Drive,,
Multiplicity,5.9,
Mumford,6.9,62
The Mummy Returns,6.3,48
The Mummy,7.0,48
The Mummy: Tomb of the Dragon Emperor,5.2,31
Munich,7.6,74
The Muppet Christmas Carol,7.7,
Muppets From Space,6.2,
Muppets Most Wanted,6.6,61
The Muppets,7.2,75
Murder by Numbers,6.1,50
Murderball,,
The Muse,5.6,56
Music and Lyrics,6.5,59
The Musketeer,4.7,27
Must Love Dogs,5.9,46
Mutual Appreciation,6.9,84
Mutual Friends,6.8,write review
My Baby's Daddy,4.5,23
My Best Friend's Girl,5.9,34
My Best Friend's Wedding,6.3,50
My Big Fat Greek Wedding,6.6,62
My Big Fat Independent Movie,3.3,32
My Bloody Valentine,5.5,51
My Boss's Daughter,4.6,
My Cousin Vinny,7.5,
My Date With Drew,,
My Dog Skip,7.0,61
My Dog Tulip,6.9,80
My Fair Lady,7.9,
My Favorite Martian,4.9,
My Fellow Americans,6.4,
My Life in Ruins,5.9,34
My Name is Khan,7.9,50
My Own Private Idaho,7.1,77
My Sister's Keeper,7.4,51
My Soul to Take,4.7,25
My Stepmother Is an Alien,5.2,
My Summer of Love,6.8,82
"Mystery, Alaska",6.6,49
Mystery Men,6.0,65
Mystic Pizza,6.1,60
Mystic River,8.0,84
The X Files: Fight the Future,,
The X-Files: I Want to Believe,,
X-Men,7.4,64
X-Men: Days of Future Past,8.3,74
X-Men: First Class,7.8,65
X-Men Origins: Wolverine,6.7,40
X-Men: The Last Stand,6.8,58
X2,7.5,68
Xinhai geming,,
xXx,5.8,48
XXX: State of the Union,4.2,37
F.I.S.T,6.4,
Fabled,5.8,
Le Fabuleux destin d'Amélie Poulain,,
Face/Off,,
Facing the Giants,6.6,38
Factory Girl,6.4,45
The Faculty,6.4,61
Fahrenheit 9/11,,
Failure to Launch,5.6,47
Fair Game,6.8,69
Faithful,6.0,
Falcon Rising,5.8,50
Die Fälscher,,
Fame,6.5,
The Family Man,6.7,42
Family Plot,6.8,
The Family Stone,6.3,56
The Family,6.4,42
The Fan,5.8,32
Fantasia,7.8,
Fantasia 2000 (IMAX),,
Fantasia 2000 (Theatrical Release),,
Fantastic Four,5.7,40
Fantastic Four: Rise of the Silver Surfer,,
The Fantastic Mr. Fox,,
Far From Heaven,7.4,84
Farce of the Penguins,4.2,
Fargo,8.2,85
Fascination,6.2,
Fast & Furious,6.6,45
Fast and Furious 6,,
The Fast and the Furious,6.6,58
The Fast and the Furious: Tokyo Drift,5.9,46
Fast Five,7.3,67
Fast Times at Ridgemont High,7.2,67
Faster,6.5,44
Fat Albert,4.3,39
Fatal Attraction,6.9,67
Fateless,,
Father's Day,5.8,
The Fault in Our Stars,8.2,69
Fear and Loathing in Las Vegas,7.7,41
FearDotCom,,
Feast,6.4,43
Felicia's Journey,7.0,72
La femme de chambre du Titanic,,
Femme Fatale,6.3,59
Fengkuang de Shitou,,
Festen,,
Fetching Cody,6.8,
Fever Pitch,6.2,56
A Few Good Men,7.6,62
Fiddler on the Roof,8.0,
Fido,6.8,70
The Fifth Element,7.6,52
The Fifth Estate,6.1,49
Fifty Dead Men Walking,6.9,57
Fight Club,8.9,66
The Fighter,7.9,79
Fighting Tommy Riley,6.6,53
Filly Brown,5.4,57
Final Destination,6.8,36
Final Destination 2,6.2,38
Final Destination 3,5.8,41
The Final Destination,5.1,30
Final Destination 5,5.9,50
Final Fantasy: The Spirits Within,6.4,49
Find Me Guilty,7.1,65
Finding Forrester,7.3,62
Finding Nemo,8.2,90
Finding Neverland,7.8,67
A Fine Step,5.5,
Finishing the Game,,
Fired Up,5.1,write review
Firefox,5.8,
Fireproof,6.5,28
Firestarter,6.0,
Firestorm,4.5,
The Firm,6.8,58
First Blood,7.7,62
First Daughter,4.9,31
The First Great Train Robbery,7.0,
First Knight,5.9,
"First Love, Last Rites",5.5,
First Morning,5.8,
The First Wives Club,6.1,58
The Five-Year Engagement,6.2,62
Fiza,6.3,
Flags of Our Fathers,7.1,79
Flammen og Citronen,,
Flash Gordon,6.4,63
Flash of Genius,7.0,57
Flashdance,6.0,35
Flatliners,6.5,
Flawless,6.8,57
Fled,5.2,
Flicka,6.1,57
Flight,7.3,76
Flight of the Intruder,5.6,
Flight of the Phoenix,6.1,47
Flightplan,6.2,53
The Flintstones in Viva Rock Vegas,3.5,27
The Flintstones,4.8,38
Flipped,7.7,45
Flipper,5.1,
Flirting with Disaster,6.8,81
Flubber,5.0,37
Flushed Away,6.7,74
Fly Me To the Moon,,
Flyboys,6.6,47
Flywheel,7.1,
The Fog,3.6,27
The Fog,3.6,27
Fong juk,,
"Food, Inc.",,
Foodfight!,2.2,
Foolish,4.1,
Fool's Gold,5.6,29
Footloose,5.8,58
Footloose,5.8,58
For Colored Girls,5.9,50
For Greater Glory,,
For Love of the Game,6.5,43
For Your Consideration,6.3,68
For Your Eyes Only,6.8,
The Forbidden Kingdom,6.6,57
Force 10 from Navarone,6.3,
Forget Me Not,5.2,
Forgetting Sarah Marshall,7.3,67
The Forgotten,5.8,43
Formula 51,,
Forrest Gump,8.8,82
The Forsaken,5.3,35
Fort McCoy,5.5,47
Fortress,5.8,
Forty Shades of Blue,6.0,74
The Fountain,7.4,51
Four Brothers,6.9,49
Four Christmases,5.6,41
The Four Feathers,6.5,49
Four Rooms,6.7,
The Four Seasons,7.2,
Four Weddings and a Funeral,7.1,81
The Fourth Kind,5.9,34
Frailty,7.3,64
Frankenstein,,
Frankenweenie,7.0,74
Freakonomics,,
Freaky Deaky,6.6,
Freaky Friday,6.1,70
Freddy Got Fingered,4.5,13
Freddy vs. Jason,5.8,37
Freddy's Dead: The Final Nightmare,4.9,
Free Birds,5.9,38
Freedom Writers,7.5,64
Freeway,6.9,61
Freeze Frame,6.4,55
The French Connection,7.8,96
Frenzy,7.5,
Frequency,7.3,67
Frida,7.4,61
Friday,7.3,54
Friday After Next,5.8,35
Friday Night Lights,7.3,70
Friday the 13th,5.6,34
Friday the 13th,5.6,34
Friday the 13th Part 2,6.0,
Friday the 13th Part 3,,
Friday the 13th Part IV: The Final Chapter,,
Friday the 13th Part V: A New Beginning,,
Friday the 13th Part VI: Jason Lives,,
Friday the 13th Part VII: The New Blood,5.2,
Friday the 13th Part VIII: Jason Takes Manhattan,4.4,
Friends with Benefits,6.6,63
Friends with Money,5.9,68
Fright Night,6.4,64
From Dusk Till Dawn,7.3,52
From Hell,6.8,54
From Justin to Kelly,2.1,14
From Paris With Love,6.5,42
From Russia With Love,7.5,
The Front Page,7.4,
Frost/Nixon,,
Frozen,7.8,74
The Frozen Ground,6.4,37
Frozen River,7.2,82
The Frozen,4.2,
Fruitvale Station,7.5,85
The Fugitive,7.8,88
Full Frontal,4.8,45
The Full Monty,7.2,75
Fun Size ,5.4,37
Fun With Dick And Jane,6.1,47
The Funeral,6.6,
Funny Ha Ha,6.4,78
Funny People,6.4,60
A Funny Thing Happened on the Way to the Forum,7.0,
FUR: An Imaginary Portrait of Diane Arbus,6.4,50
Furry Vengeance,3.7,23
Fury,,
The Future,6.2,67
N-Secure,3.2,
Nacho Libre,5.7,52
The Naked Gun 2½: The Smell of Fear,6.8,
Naked Gun 33 1/3: The Final Insult,,
Namastey London,7.0,
The Namesake,7.6,82
Nancy Drew,5.9,53
Nanjing! Nanjing!,,
Mozart's Sister,,
Nanny McPhee,6.6,59
Nanny McPhee and the Big Bang,,
Napoleon Dynamite,6.9,64
Narc,7.3,70
National Lampoon's Animal House,,
National Lampoon's Van Wilder,,
National Treasure,6.9,39
The Nativity Story,6.7,52
Neal n' Nikki,,
Nebraska,7.8,86
Need for Speed,6.7,39
The Negotiator,7.3,62
The Watch,5.7,36
Neighbors,6.6,68
The Net,5.8,51
Network,8.2,
Never Again,6.0,30
Never Back Down,6.6,39
Never Let Me Go,7.2,69
Never Say Never Again,6.2,
The New Guy,5.8,24
New in Town,5.5,29
The Twilight Saga: New Moon,4.6,44
Wes Craven's New Nightmare,,
The New World,6.7,69
New Year's Eve,5.6,22
New York Minute,4.7,33
"New York, New York",6.7,
New York Stories,6.4,
Newlyweds,6.3,
The Newton Boys,5.9,57
The Next Best Thing,4.6,25
Next Day Air,5.8,46
Next Friday,6.0,41
"Next Stop, Wonderland",,
The Next Three Days,7.4,52
Niagara,7.1,
Nicholas Nickleby,7.3,71
Nick and Norah's Infinite Playlist,6.7,64
Night at the Museum,6.4,48
Night at the Museum: Battle of the Smithsonian,5.9,42
A Night at the Roxbury,6.2,26
Night Lights,,
The Night Listener,5.9,51
Night of the Living Dead,8.0,
Night of the Living Dead,8.0,
Nighthawks,6.4,
A Nightmare On Elm Street 3: Dream Warriors,6.5,
A Nightmare on Elm Street 4: The Dream Master,5.6,
A Nightmare on Elm Street,7.5,78
A Nightmare on Elm Street,7.5,78
A Nightmare On Elm Street Part 2: Freddy's Revenge,,
A Nightmare On Elm Street: The Dream Child,,
Nikita,,
Nim's Island,6.0,55
Nine,5.9,49
Nine 1/2 Weeks,,
Ninja Assassin,6.4,34
The Ninth Gate,6.7,44
Nixon,7.1,66
No Country for Old Men,8.2,91
No End In Sight,,
No Good Deed,5.9,24
No Man's Land,6.0,
No Man's Land: The Rise of Reeker,5.0,
No Reservations,6.3,50
No se Aceptan Devoluciones,,
No Strings Attached,6.2,50
Noah,6.0,68
Nochnoy dozor,,
Le nom des gens,,
Nomad,7.1,
Non-Stop,7.0,56
North Country,7.3,68
Northfork,6.4,64
Not Another Teen Movie,5.7,32
Not Easily Broken,6.0,43
The Notebook,8.0,53
Notes on a Scandal,7.5,73
Nothing To Lose,6.7,
Notorious,6.6,60
Notorious,6.6,60
Notting Hill,7.0,66
November,5.6,47
The November Man,6.7,38
Novocaine,5.8,45
Now is Good,7.3,
Now You See Me,7.3,50
Nowhere Boy,7.2,67
Nowhere in Africa,,
Nowhere to Run,5.4,
Nueve Reinas,,
The Number 23,6.4,
Nurse Betty,6.3,69
The Nut Job,5.8,37
The Nutcracker in 3D,4.4,18
Nutty Professor II: The Klumps,4.3,38
The Nutty Professor,6.7,
"O Brother, Where Art Thou?",7.8,69
Obitaemyy ostrov,5.4,
The Object of my Affection,6.0,51
Oblivion,7.0,54
Observe and Report,5.8,54
Obsessed,4.8,25
Obsluhoval jsem anglického krále,,
Oceans,,
Ocean's Eleven,7.8,74
Ocean's Thirteen,6.9,62
Ocean's Twelve,6.4,58
October Baby,6.7,32
Octopussy,6.6,
Oculus,6.5,61
The Odd Life of Timothy Green,6.6,48
Chasing Mavericks,7.1,45
Office Space,7.9,68
The Offspring,5.9,
The Oh in Ohio,5.7,48
Old Dogs,5.3,19
Old School,7.2,54
Oliver!,7.5,
Oliver Twist,6.9,65
Olympus Has Fallen,6.5,41
The Omega Code,3.4,14
The Omen,7.6,
The Omen,7.6,
On Deadly Ground,4.2,
On Her Majesty's Secret Service,6.8,
On the Down Low,,
On the Line,4.1,34
On the Outs,6.9,66
On the Road,6.1,56
On the Waterfront,8.3,88
Once,8.0,88
Once in a Lifetime: the Extraordinary Story of the New York Cosmos,,
Once Upon a Time in America,8.4,
Once Upon a Time in Mexico,6.4,56
One Day,7.0,48
One Direction: This is Us,,
One for the Money,5.3,22
One Hour Photo,6.8,64
One Missed Call,3.9,24
One Night with the King,6.3,38
The One,5.9,25
One True Thing,7.0,63
Ong-Bak 2,6.2,47
The Oogieloves in the BIG Balloon Adventure,7.3,32
Opal Dreams,,
Open Range,7.5,67
The Open Road,5.5,47
Open Season,6.2,49
Open Water,5.7,63
Orange County,6.2,48
The Order,5.1,21
Ordinary People,7.9,85
El orfanato,,
Orgazmo,6.2,48
The Original Kings of Comedy,,
Original Sin,6.0,33
Orphan,7.0,42
Osama,7.4,83
Oscar and Lucinda,6.7,66
Osmosis Jones,6.2,57
Othello,7.0,
The Other Boleyn Girl,6.7,50
The Other Dream Team,,
The Other Guys,6.6,64
The Other Side of Heaven,6.5,38
The Other Woman,6.1,39
The Others,7.6,74
La otra conquista,6.9,
Our Family Wedding,4.8,38
Our Idiot Brother,6.5,60
Out Cold,6.3,22
Out of Africa,7.2,
Out of Sight,7.1,85
Out of the Blue,7.3,70
Out of the Furnace,6.8,63
Out of Time,6.5,63
The Out-of-Towners,5.2,33
Outbreak,6.5,
Outlander,6.3,40
Outside Providence,6.4,62
The Outsiders,7.2,38
Over Her Dead Body,5.2,30
Over the Hedge,6.8,67
Owning Mahowny,7.1,70
The Oxford Murders,6.1,
Oz the Great and Powerful,6.4,44
Der Baader Meinhof Komplex,,
Babe,6.9,83
Babe: Pig in the City,5.8,
Babel,7.5,69
Baby Boy,6.4,55
Baby Geniuses,2.5,6
Baby Mama,6.1,55
Babylon A.D.,5.5,26
Baby's Day Out,5.8,
Bacheha-Ye aseman,,
The Bachelor,5.0,31
Back to the Future,8.5,86
Back to the Future Part II,7.8,57
Back to the Future Part III,7.4,55
The Back-up Plan,5.2,34
Bad Boys,6.8,41
Bad Boys II,6.5,38
Bad Company,5.6,37
Bad Lieutenant: Port of Call New Orleans,,
The Bad News Bears,7.3,
Bad Santa,7.1,70
Bad Teacher,5.7,47
Baggage Claim,4.9,34
Baghead,5.9,62
Bait,5.2,
The Ballad of Cable Hogue,7.4,
The Ballad of Gregorio Cortez,8.0,write review
The Ballad of Jack and Rose,6.8,59
Ballistic: Ecks vs. Sever,3.6,19
Bamboozled,6.4,50
Bananas,7.1,
Bandidas,5.7,
Bandits,6.6,60
Bandslam,6.4,66
Bang,6.4,
The Banger Sisters,5.6,48
Bangkok Dangerous,5.4,24
The Bank Job,7.3,69
Banlieue 13,,
Barbarella,5.9,
Barbershop,6.3,66
Barbershop 2: Back in Business,5.6,59
Barney's Great Adventure,2.8,
Barney's Version,7.3,67
Barnyard: The Original Party Animals,,
Barry Lyndon,8.1,
Basic,6.5,34
Basic Instinct 2,4.1,26
The Basket,6.5,53
Basquiat,6.9,65
Bathing Beauty,6.5,
Bathory,4.9,write review
Batman,7.6,66
Batman & Robin,3.6,28
Batman Begins,8.3,70
Batman Forever,5.4,51
Batman Returns,7.0,
"Batman: The Dark Knight Returns, Part 2",8.3,
Bats,3.5,23
Battle: Los Angeles,5.8,37
The Battle of Shaker Heights,6.1,33
Battle of the Year,4.8,29
Battlefield Earth: A Saga of the Year 3000,,
Battleship,5.9,41
Be Cool,5.6,37
Be Kind Rewind,6.4,52
The Beach,6.6,43
Beastly,5.5,40
The Beastmaster,6.1,18
Beasts of the Southern Wild,7.3,86
Beautiful,5.3,23
Beautiful Creatures,6.2,52
A Beautiful Mind,8.2,72
Beauty and the Beast,8.1,
Beauty Shop,5.4,53
The Beaver,6.7,60
Beavis and Butt-head Do America,6.7,64
Because of Winn-Dixie,6.3,54
Becoming Jane,7.1,55
Bedazzled,5.9,49
Bedtime Stories,6.1,33
Bee Movie,6.2,54
Beetle Juice,,
Before Midnight,8.0,94
Before Sunrise,8.1,77
Before Sunset,8.1,90
Beginners,7.2,81
Behind Enemy Lines,6.4,49
Being John Malkovich,7.8,90
Being Julia,7.2,65
Belka i Strelka. Zvezdnye sobaki,,
Bella,7.4,47
Beloved,5.8,57
Ben-Hur,8.1,
Ben-Hur,8.1,
The Benchwarmers,5.6,25
Bend it Like Beckham,6.7,66
Beneath Hill 60,7.0,
Benji,6.0,
Beowulf,6.3,59
The Best Exotic Marigold Hotel,7.3,62
Best in Show,7.5,78
The Best Little Whorehouse in Texas,5.7,
The Best Man Holiday,6.7,59
The Best Man,6.5,61
The Best Years of Our Lives,8.2,
A Better Life,7.2,64
Better Luck Tomorrow,7.2,67
Betty Fisher et autres histoires,,
Beverly Hills Chihuahua,3.7,41
Beverly Hills Cop,7.3,64
Beverly Hills Cop II,6.4,48
Beverly Hills Cop III,5.4,16
Bewitched,4.8,34
Beyond Borders,6.4,32
Beyond the Black Rainbow,6.0,49
Beyond the Brick: A LEGO Brickumentary,,
Beyond the Mat,7.4,write review
Beyond the Sea,6.7,46
Beyond the Valley of the Dolls,6.2,
Bicentennial Man,6.8,42
Bienvenue chez les Ch'tis,,
Big,7.3,72
The Big Bounce,4.9,42
Big Daddy,6.4,41
Big Eyes,,
Big Fat Liar,5.4,36
Big Fish,8.0,58
The Big Hit,6.1,31
The Big Lebowski,8.2,69
Big Momma's House,5.0,33
Big Momma's House 2,4.5,34
"Big Mommas: Like Father, Like Son",4.3,22
The Big Parade,8.3,
The Big Tease,6.3,53
Big Trouble,6.5,47
The Big Wedding,5.6,28
The Big Year,6.2,53
Bill & Ted's Bogus Journey,6.1,60
Bill & Ted's Excellent Adventure,6.9,44
Billy Elliot,7.7,74
Birth,6.0,50
The Birth of a Nation,6.9,
Birthday Girl,6.1,51
Biutiful,7.5,58
Black and White,8.4,
Black Christmas,4.5,22
The Black Dahlia,5.6,49
Black Hawk Down,7.7,74
Black Knight,4.7,32
Black Nativity,4.1,48
Black Rain,6.6,
Black Rock,4.7,46
Black Snake Moan,7.0,52
The Black Stallion,7.4,79
Black Swan,8.0,79
Black Water Transit,7.1,write review
Blackthorn,6.6,61
Blade,7.1,45
Blade 2,6.7,52
Blade Runner,8.2,88
Blade: Trinity,5.9,38
Blades of Glory,6.4,64
The Blair Witch Project,6.4,81
Blast from the Past,6.5,48
Blazing Saddles,7.8,
Blended,6.5,31
Bless the Child,5.0,17
The Blind Side,7.7,53
Blindness,6.6,45
Blood and Wine,6.0,
Blood Diamond,8.0,64
Blood Done Sign My Name,6.5,49
The Blood of Heroes,6.5,
The Blood of My Brother: A Story of Death in Iraq,,
Blood Simple,,
Blood Work,6.4,64
BloodRayne,2.8,18
Bloodsport,6.8,
Blow,7.6,52
Blow Out,7.3,
The Blue Butterfly,6.3,
Blue Crush,5.6,61
Blue Jasmine,7.3,78
Blue Like Jazz,6.0,48
Blue Streak,6.2,46
Blue Valentine,7.4,81
The Blues Brothers,8.0,
The Boat That Rocked,,
Boat Trip,4.8,18
Bobby,7.1,54
Bobby Jones: Stroke of Genius,6.6,45
Body Double,6.7,
Body of Lies,7.1,57
The Bodyguard,6.0,
Bogus,5.2,
Boiler Room,7.0,63
Bolt,7.0,67
"Bon Cop, Bad Cop",,
Bon Voyage,6.9,68
The Bone Collector,6.6,45
Bones,4.0,42
Boogeyman,4.1,32
Boogie Nights,7.9,85
The Book of Eli,6.9,53
"The Book of Mormon Movie, Volume 1: The Journey",3.2,
Book of Shadows: Blair Witch 2,4.0,15
The Book Thief,7.6,53
Boomerang,5.3,45
The Boondock Saints 2: All Saints Day,,
The Boondock Saints,7.9,44
Das Boot,8.5,86
Borat,,
The Border,6.4,
Born of War,5.2,write review
Born on the Fourth of July,7.2,75
Born to Fly: Elizabeth Streb vs. Gravity,,
The Borrowers,5.8,
Bottle Rocket,7.1,65
Bounce,5.7,52
Bound,7.4,61
The Bounty Hunter,5.4,22
The Bourne Identity,7.9,68
The Bourne Legacy,6.7,61
The Bourne Supremacy,7.8,73
The Bourne Ultimatum,8.1,85
Bowfinger,6.4,71
Bowling for Columbine,,
The Box,5.6,47
The Boy in the Striped Pajamas,,
Boyhood,8.8,100
Boynton Beach Club,,
Boys and Girls,5.3,29
Boys Don't Cry,7.6,86
The Boys from Brazil,7.0,
Boyz n the Hood,7.8,73
Braindead,,
Brainstorm,6.5,
Bran Nue Dae,6.3,54
Brave,7.2,69
Braveheart,8.4,68
Brazil,8.0,88
The Break Up,,
Breakdown,6.9,73
Breakfast of Champions,4.6,42
Breakin' All the Rules,5.5,46
Brick,7.5,72
Brick Mansions,5.7,40
Bride & Prejudice,6.2,55
Bride of Chucky,5.3,
Bride Wars,5.4,24
Bridesmaids,6.9,75
The Bridge of San Luis Rey,5.1,25
The Bridge on the River Kwai,8.3,
Bridge to Terabithia,7.2,74
A Bridge Too Far,7.4,
The Bridges of Madison County,7.5,66
Bridget Jones: The Edge Of Reason,5.8,44
Bridget Jones's Diary,6.7,66
Brigham City,7.2,62
"Bright Lights, Big City",5.6,
Bright Star,7.0,81
Brighton Rock,5.8,57
Bring it On,5.9,52
Bringing Down the House,5.5,39
Bringing Out The Dead,6.8,70
The Broadway Melody,6.5,
Brokeback Mountain,7.7,87
Brokedown Palace,6.4,44
Broken Arrow,5.9,61
Broken City,6.2,49
The Broken Hearts Club: A Romantic Comedy,7.0,51
Broken Vessels,6.6,
Les Bronzés 3: amis pour la vie,4.0,
Brooklyn Rules,6.4,53
Brooklyn's Finest,6.7,43
Brother,7.3,47
Brothers,7.1,58
The Brothers Bloom,6.9,55
The Brothers Grimm,5.9,51
The Brothers McMullen,6.6,73
The Brothers Solomon,5.3,32
The Brothers,6.2,50
The Brown Bunny,5.0,51
Brown Sugar,6.4,58
Bruce Almighty,6.7,46
Brüno,5.9,54
Bubba Ho-Tep,7.2,57
Bubble,6.6,63
Bubble Boy,5.6,41
The Bucket List,7.4,42
Bucky Larson: Born to Be a Star,3.2,9
Buffalo '66,7.5,68
Buffalo Soldiers,6.9,56
Buffy the Vampire Slayer,5.5,48
Bug,6.0,62
A Bug's Life,7.2,77
Bullet to the Head,5.8,48
Bulletproof Monk,5.4,40
Bully,7.0,45
Bulworth,6.9,75
"Il buono, il brutto, il cattivo",,
Burlesque,6.3,47
Burn,6.3,
Burn After Reading,7.0,63
The Business of Fancy Dancing,,
The Business of Strangers,6.4,67
But I'm a Cheerleader,6.5,39
Butch Cassidy and the Sundance Kid,8.2,58
Lee Daniels' The Butler,,
Butterfly,4.4,
The Butterfly Effect,7.7,30
D.E.B.S.,5.2,42
D-War,,
The Da Vinci Code,6.5,46
Daddy Day Camp,2.8,13
Daddy Day Care,5.5,39
Dallas Buyers Club,8.0,84
The Damned United,7.6,81
Damsels in Distress,5.8,67
Dance Flick,3.5,40
Dancer in the Dark,8.0,61
"Dancer, Texas Pop. 81",6.7,
Dances with Wolves,8.0,72
Dangerous Liaisons,7.7,74
The Dangerous Lives of Altar Boys,7.1,69
A Dangerous Method,6.5,76
Danny the Dog,7.0,58
Dante's Peak,5.8,43
Daredevil,5.4,42
Dark Angel,5.9,
Dark Blue,6.6,57
Dark City,7.8,66
The Dark Half,5.9,
The Dark Hours,6.1,63
The Dark Knight Rises,8.6,78
The Dark Knight,9.0,82
Dark Shadows,6.3,55
Dark Skies,6.3,50
Dark Water,5.5,52
The Darkest Hour,4.9,16
Darkness,5.4,15
Darkness Falls,4.9,23
Darling Lili,6.2,
Date Movie,2.7,11
Date Night,6.3,56
Dave Chappelle's Block Party,,
Dawn of the Dead,7.4,58
Dawn of the Dead,7.4,58
Dawn of the Planet of the Apes,8.1,79
The Day After Tomorrow,6.4,47
Day of the Dead,7.2,
Day of the Dead,7.2,
The Day the Earth Stood Still,5.5,40
Daybreakers,6.5,57
Dayereh,,
Daylight,5.8,
Days of Heaven,8.0,93
Days of Thunder,5.8,60
Dazed and Confused,7.7,78
De battre mon coeur s'est arrêté,,
De-Lovely,6.6,53
The Dead Girl,6.8,65
Dead Man Down,6.5,39
Dead Man on Campus,6.0,27
Dead Man Walking,7.6,80
Dead Poets' Society,,
The Dead Zone,7.3,69
Dear Frankie,7.9,63
Dear John,6.3,43
Dear Wendy,6.6,33
The Death and Life of Bobby Z,5.9,
Death at a Funeral,7.4,67
Death at a Funeral,7.4,67
Death Becomes Her,6.4,
Death Calls,4.3,write review
Death Race,6.4,43
Death Sentence,6.8,36
Death to Smoochy,6.4,38
The Debt,6.9,65
Deception,6.0,31
Deceptive Practice: The Mysteries and Mentors of Ricky Jay,7.1,79
Deconstructing Harry,7.4,61
Deep Blue Sea,5.7,54
The Deep End of the Ocean,6.3,45
The Deep End,6.7,78
Deep Impact,6.1,40
Deep Rising,6.0,
The Deer Hunter,8.2,73
Def-Con 4,4.2,
Def Jam's How To Be a Player,,
Defiance,7.2,58
"Definitely, Maybe",7.2,59
Déjà Vu,7.0,
Delgo,4.4,27
Deliver Us from Evil,6.4,40
Delivery Man,6.4,44
Demonic,,
The Departed,8.5,86
Derailed,6.6,40
Des Hommes et Des Dieux,,
The Descendants,7.4,84
The Descent,7.3,71
Desperado,7.2,55
Despicable Me,7.7,72
Despicable Me 2,7.6,62
Detention,5.8,45
Deterrence,6.5,50
Detroit Rock City,6.8,33
Deuce Bigalow: European Gigolo,4.6,23
Deuce Bigalow: Male Gigolo,5.7,30
Deuces Wild,5.6,16
Devil,6.3,44
The Devil Inside,4.1,18
Devil's Due,4.0,34
The Devil Wears Prada,6.8,62
Devil's Advocate,7.5,60
The Devil's Double,7.1,52
The Devil's Own,6.0,53
The Devil's Rejects,6.9,53
Diamonds,5.4,33
Diamonds Are Forever,6.7,
Diary of a Mad Black Woman,5.5,36
Diary of a Wimpy Kid,6.2,56
Diary of a Wimpy Kid: Rodrick Rules,6.6,51
Diary of a Wimpy Kid: Dog Days,6.4,54
Diary of the Dead,5.8,66
Dick,6.2,65
Dick Tracy,6.1,
Dickie Roberts: Former Child Star,5.6,36
The Dictator,6.4,58
Did You Hear About the Morgans?,4.7,27
Die Another Day,6.1,56
Die Hard,8.3,70
Die Hard 2,7.1,67
A Good Day to Die Hard,5.3,28
Die Hard: With a Vengeance,7.6,58
Digimon: The Movie,5.8,20
Dil Jo Bhi Kahey...,5.1,
The Dilemma,5.3,46
Diner,7.2,86
Dinner for Schmucks,5.9,56
Dinner Rush,7.3,79
Dinosaur,6.4,56
The Dirties,6.7,60
Dirty Pretty Things,7.4,78
Dirty Work,6.4,
Disaster Movie,1.9,15
Disney's A Christmas Carol,,
District 9,8.0,81
Disturbia,6.9,62
Disturbing Behavior,5.5,
Divergent,6.9,48
The Divide,5.8,28
The Divine Secrets of the Ya-Ya Sisterhood,,
Django Unchained,8.5,81
Do the Right Thing,7.9,91
DOA: Dead or Alive,4.8,38
Doc Holliday's Revenge,,
Doctor Dolittle,5.3,46
Doctor Dolittle 2,,
Doctor Zhivago,8.0,
Dod sno,,
Dodgeball: A True Underdog Story,6.7,55
A Dog of Flanders,6.3,38
Dogma,7.4,62
Dolphin,,
Dolphin Tale,6.9,64
Dolphin Tale 2,6.8,58
Dolphins and Whales Tribes of the Ocean 3D,,
Domestic Disturbance,5.5,29
Domino,6.0,36
Don Jon,6.7,66
Don Juan DeMarco,6.8,63
Don't Say a Word,6.3,38
Donkey Punch,5.2,43
Donnie Brasco,7.8,76
Donnie Darko,8.1,71
Don't Be Afraid of the Dark,5.6,56
Doogal,2.8,23
Doom,5.2,34
Doomsday,6.0,51
The Doors,7.2,62
Double Impact,5.3,
Double Jeopardy,6.3,40
Double Take,5.3,25
Doubt,7.5,68
Doug's 1st Movie,5.0,
Down for Life,7.2,
Down Terrace,6.4,68
Down to Earth,5.4,32
Down to You,4.8,13
Downfall,,
Dr. No,7.3,
Bram Stoker's Dracula,,
Dracula 2000,4.9,26
Draft Day,6.8,54
Drag Me To Hell,6.6,83
Dragonball Evolution,2.8,45
Dragonfly,6.0,25
Dragonheart,6.4,
Dragonslayer,6.7,
Dream House,5.9,35
Dream With The Fishes,7.0,
Dreamcatcher,5.5,35
Dreamer: Inspired by a True Story,6.9,59
Dreamgirls,6.6,76
Dredd,7.0,59
The Dress,,
Dressed to Kill,7.1,
Drillbit Taylor,5.7,41
Drive,7.8,78
Drive Angry,5.5,44
Drive Hard,4.3,
Drive Me Crazy,5.6,42
Driven,4.5,29
Driving Miss Daisy,7.4,81
Drones,4.5,47
Drop Dead Gorgeous,6.5,28
Drowning Mona,5.6,25
Drumline,5.6,63
Dry Spell,3.4,
The Duchess,6.9,62
"Dude, Where's My Dog",,
"Dude, Where's My Car?",5.5,30
Dudley Do-Right,3.8,44
Due Date,6.6,51
Duets,6.0,40
The Dukes of Hazzard,5.0,33
Duma,7.3,82
Dumb & Dumber,7.3,39
Dumb and Dumberer: When Harry Met Lloyd,3.4,19
Dune,6.6,
Dungeons and Dragons,,
Duplex,5.8,50
Duplicity,6.2,69
Dwegons and Leprechauns,,
Dying of the Light,,
Dylan Dog: Dead of Night,5.1,31
DysFunkTional Family,,
Eagle Eye,6.6,43
The Eagle,6.2,55
earth,7.8,71
Earth to Echo,5.8,53
East is East,6.9,74
Eastern Promises,7.7,82
Easy A,7.2,72
Easy Virtue,6.7,58
Eat Pray Love,5.6,50
Echo Dr.,6.1,
The Twilight Saga: Eclipse,4.9,58
Ed Wood,7.9,70
Edge of Darkness,6.6,55
Edge of Tomorrow,8.1,71
Edmond,6.3,61
EDtv,6.1,48
An Education,7.3,85
Edward Scissorhands,8.0,74
Eight Below,7.3,64
Eight Legged Freaks,5.4,53
El Mariachi,7.0,73
Election,7.3,83
Elektra,4.8,34
Elf,6.9,64
Elizabeth,7.6,75
Elizabethtown,6.4,45
Ella Enchanted,6.3,53
Elle s'appelait Sarah,,
Elmer Gantry,7.9,
Elsa & Fred,8.3,write review
Elysium,6.7,61
Emma,6.8,66
The Emperor's Club,6.9,49
The Emperor's New Groove,7.3,70
Empire,6.0,38
Star Wars Ep. V: The Empire Strikes Back,,
Employee of the Month,5.5,36
Enchanted,7.2,75
End of Days,5.7,33
The End of the Affair,7.2,65
End of the Spear,6.9,45
End of Watch,7.7,68
Ender's Game,6.8,51
Endless Love,6.3,30
Enemy at the Gates,7.6,53
Enemy of the State,7.3,67
The English Patient,7.4,87
Enough,5.5,25
Enough Said,7.1,79
Enter the Void,7.3,69
Entrapment,6.2,54
Entre les murs,,
Envy,4.7,31
Epic,6.7,52
Epic Movie,2.3,17
Equilibrium,7.6,33
Eragon,5.1,38
Eraser,6.0,56
Erin Brockovich,7.3,73
Escape from L.A.,5.6,
Lockout,6.1,48
Escape from New York,7.2,
Escape From Planet Earth,5.9,35
Escape Plan,6.8,49
Escobar: Paradise Lost,7.5,71
ET: The Extra-Terrestrial,,
Eternal Sunshine of the Spotless Mind,8.4,89
Eulogy,6.7,34
Eureka,5.9,
Eurotrip,6.6,45
Evan Almighty,5.4,37
Event Horizon,6.7,35
Ever After: A Cinderella Story,,
An Everlasting Piece,6.3,56
Big Miracle,6.5,61
Everybody's Fine,7.2,47
Everyone Says I Love You,6.8,
Everything Must Go,6.5,65
Everything Put Together,6.7,63
Everything You Always Wanted to Know,,
Eve's Bayou,7.3,78
Evil Dead II,7.9,69
Evil Dead,6.5,57
The Evil Dead,7.6,70
Evita,6.3,45
Evolution,6.0,40
Executive Decision,6.4,
eXistenZ,6.8,68
Exit Wounds,5.5,39
The Exorcism of Emily Rose,6.7,46
Exorcist II: The Heretic,3.7,
The Exorcist,8.0,82
Exorcist: The Beginning,5.1,30
Exotica,7.2,
The Expendables 3,6.3,35
The Expendables 2,6.7,51
The Expendables,6.5,45
The Exploding Girl,6.4,69
The Express,7.3,58
Extract,6.2,61
Extraordinary Measures,6.5,45
Extreme Measures,6.1,
Extreme Ops,4.4,17
Extremely Loud and Incredibly Close,,
Eye for an Eye,6.1,
Eye of the Beholder,4.9,29
The Eye,5.4,36
Eyes Wide Shut,7.3,68
V for Vendetta,8.2,62
Valentine,4.6,18
Valentine's Day,5.8,34
Valiant,5.6,45
Valkyrie,7.1,56
Valley of the Hearts Delight,,
Vampire in Brooklyn,4.4,27
Vampires,6.1,42
Cirque du Freak: The Vampire's Assistant,6.0,43
Vampires Suck,3.5,18
Vamps,5.1,57
Van Helsing,5.9,35
Vanilla Sky,6.9,45
Vanity Fair,6.2,53
Vantage Point,6.6,40
Varsity Blues,6.4,50
The Vatican Tapes,,
Veer-Zaara,7.9,67
Velvet Goldmine,7.0,65
Venom,,
Venus,7.2,82
Vera Drake,7.7,83
The Verdict,7.8,
Veronica Guerin,6.9,55
Veronica Mars,7.0,62
Veronika Decides to Die,6.6,
Vertical Limit,5.8,48
Very Bad Things,6.3,31
A Very Harold & Kumar 3D Christmas,6.3,61
A Very Long Engagement,,
Vicky Cristina Barcelona,7.2,70
Videodrome,7.3,60
A View to a Kill,6.3,
The Village,6.5,44
The Virgin Suicides,7.3,76
Virgin Territory,4.9,
The Virginity Hit,4.6,40
Virtuosity,5.5,39
Virus,4.8,19
Les Visiteurs,7.0,
The Visitor,7.7,79
Volcano,5.4,55
Volver,7.6,84
The Vow,6.8,43
8 femmes,,
8 Heads in a Duffel Bag,5.2,15
8 Mile,6.9,77
88 Minutes,5.9,17
8MM,6.5,19
5 Days of War,5.6,31
50 First Dates,6.8,48
(500) Days of Summer,7.8,76
50/50,,
51 Birch Street,,
54,5.7,33
55 Days at Peking,6.8,
The 5th Quarter,5.7,
"4 luni, 3 saptamani si 2 zile",,
40 Days and 40 Nights,5.6,53
The 40 Year-old Virgin,7.2,73
42,7.6,62
42nd Street,7.7,
47 Ronin,6.3,29
L.A. Confidential,8.3,90
L'auberge espagnole,7.3,65
El Laberinto del Fauno,,
Labor Day,6.9,52
Ladder 49,6.5,47
The Ladies Man,5.1,22
Lady in the Water,5.7,36
Lady in White,6.7,
Ladyhawke,7.0,
The Ladykillers,6.2,56
Lage Raho Munna Bhai,8.2,
The Lake House,6.8,52
Lake of Fire,,
Lake Placid,5.6,34
Lakeview Terrace,6.2,47
The Land Before Time,7.3,
Land of the Lost,5.3,32
Lara Croft: Tomb Raider,5.7,33
Lara Croft: Tomb Raider: The Cradle of Life,5.5,43
Larry Crowne,6.0,41
Larry the Cable Guy: Health Inspector,3.1,21
Lars and the Real Girl,7.4,70
Last Action Hero,6.2,44
The Last Airbender,4.4,20
The Last Castle,6.9,43
The Last Emperor,7.8,76
The Last Exorcism Part II,3.9,35
The Last Exorcism,5.6,63
The Last Godfather,3.6,
Last Holiday,6.3,52
The Last House on the Left,6.6,42
Last I Heard,,
The Last King of Scotland,7.7,74
The Last Legion,5.4,37
Last Man Standing,6.4,
The Last of the Mohicans,7.8,76
Last Orders,7.1,78
The Last Samurai,7.7,55
The Last Shot,5.7,47
The Last Sin Eater,6.0,37
The Last Song,5.7,33
The Last Stand,6.4,54
The Last Station,7.0,76
The Last Temptation of Christ,7.6,80
Last Vegas,6.7,48
The Last Waltz,,
Låt den rätte komma in,,
Latter Days,7.3,45
Law Abiding Citizen,7.4,34
Lawless,7.3,58
The Lawnmower Man,5.3,
Lawrence of Arabia,8.4,100
Laws of Attraction,5.9,38
Layer Cake,7.4,73
The League of Extraordinary Gentlemen,5.8,30
A League of Their Own,7.2,67
Leap Year,6.4,33
Won't Back Down,6.4,42
Leatherheads,6.0,56
Leaves of Grass,6.5,58
Leaving Las Vegas,7.6,82
Das Leben der Anderen,,
Left Behind,,
Legal Eagles,5.8,
Legally Blonde,6.2,59
"Legally Blonde 2: Red, White & Blonde",4.5,47
Legend,6.4,
The Legend of Bagger Vance,6.7,47
The Legend of Drunken Master,,
The Legend of Hell's Gate:  An American Conspiracy,,
The Legend of Hercules,4.2,22
The Legend of the Lone Ranger,5.0,
The Legend of Zorro,5.9,47
Legends of Oz: Dorothys Return,,
Legends of the Fall,7.5,45
Legion,5.1,32
The Lego Movie,7.9,82
Lemony Snicket's A Series of Unfortunate Events,6.8,62
Léon,,
Let Me In,7.2,79
Lethal Weapon,7.6,67
Lethal Weapon 3,6.7,36
Lethal Weapon 4,6.6,37
Lets Be Cops,,
Let's Go to Prison,6.0,27
Let's Talk About Sex,3.6,
Letters from Iwo Jima,8.0,89
Letters to God,6.1,31
Letters to Juliet,6.5,50
Liar Liar,6.8,68
The Libertine,6.4,44
License to Kill,,
License to Wed,5.2,25
L.I.E.,7.2,73
Life,6.6,63
The Life Aquatic with Steve Zissou,7.3,62
Life as a House,7.5,45
Life as We Know It,6.5,39
Life Before Her Eyes,6.4,38
Life During Wartime,6.5,69
The Life of Brian,,
The Life of David Gale,7.5,31
Life of Pi,8.0,79
"Life, or Something Like It",,
Lifeforce,6.1,
Light It Up,5.9,43
Like Crazy,6.7,71
Like Mike,5.0,47
Lilja 4-ever,,
Lilo & Stitch,7.1,73
Limbo,7.1,
The Limey,7.1,73
Limitless,7.4,59
Lincoln,7.4,86
The Lincoln Lawyer,7.3,63
The Lion King,8.5,83
The Lion of Judah,3.5,
Lion of the Desert,8.3,
Lions for Lambs,6.2,47
Lisa Picard is Famous,,
Little Black Book,5.2,36
Little Boy,,
Little Children,7.6,75
Little Fockers,5.4,27
Little Man,,
Little Miss Sunshine,7.9,80
Little Nicky,5.3,38
Little Shop of Horrors,6.9,81
The Little Vampire,5.7,45
Little Voice,7.0,68
Little Women,7.3,87
Live and Let Die,6.8,
Live Free or Die Hard,7.3,69
The Living Daylights,6.7,
Living Out Loud,6.6,64
The Lizzie McGuire Movie,5.2,56
Loaded Weapon 1,6.0,
"Lock, Stock and Two Smoking Barrels",8.2,66
Locker 13,4.7,22
LOL,4.1,
Lolita,7.7,
Lolita (1962),,
London,6.7,24
London to Brighton,7.0,55
The Lone Ranger,6.5,37
Lone Star,7.6,78
Lone Survivor,7.7,60
Lone Wolf McQuade,6.3,
A Lonely Place to Die,6.3,
Lonesome Jim,6.6,54
The Long Kiss Goodnight,6.7,44
The Long Riders,7.1,
The Longest Day,7.8,
The Longest Yard,6.3,48
The Longshots,5.0,52
Looney Tunes: Back in Action,5.8,64
Looper,7.5,84
Doctor Seuss' The Lorax,,
The Lord of the Rings: The Fellowship of the Ring,8.8,92
The Lord of the Rings: The Return of the King,8.9,94
The Lord of the Rings: The Two Towers,8.8,88
Lord of War,7.6,62
The Lords of Dogtown,,
Loser,5.2,35
The Losers,6.4,44
Losin' It,4.8,51
Lost and Found,4.9,
The Lost Boys,7.2,63
The Lost City,6.7,47
Lost In Space,5.0,42
Lost in Translation,7.8,89
The Lost Skeleton of Cadavra,7.1,45
Lost Souls,4.8,16
The Lost World: Jurassic Park,6.4,59
A Lot Like Love,6.6,48
Lottery Ticket,4.7,50
Love Actually,7.7,55
Love and Basketball,,
Love and Death,7.8,
Love and Death on Long Island,7.0,80
Love and Other Catastrophes,6.4,
Love and Other Drugs,,
The Love Guru,3.8,24
Love Happens,5.6,33
Love in the Time of Cholera,6.4,43
Love Jones,7.4,
The Love Letter,5.4,
Love Letters,6.1,
Love Lisa,,
Love Me Tender,6.1,
Love Ranch,5.6,37
Love Stinks,5.7,23
The Loved Ones,6.7,
Lovely and Amazing,,
The Lovely Bones,6.7,42
Loving Annabelle,6.8,
A Low Down Dirty Shame,5.7,
Lucky Dog,,
Lucky Number Slevin,7.8,53
Lucky Numbers,5.0,31
The Lucky One,6.5,39
The Lucky Ones,7.0,53
Lucky You,5.9,49
Lucy,6.6,61
Luminarias,3.5,41
Luther,6.7,47
G-Force,5.1,41
G.I. Jane,5.8,62
G.I. Joe: The Rise of Cobra,5.8,32
G.I. Joe: Retaliation,5.8,41
Gabriela,6.4,
Gake no ue no Ponyo,,
Galaxy Quest,7.3,70
The Gambler,,
The Game of Their Lives,6.2,47
The Game Plan,6.2,44
The Game,7.8,61
Gamer,5.8,27
Gandhi,8.1,
"Gandhi, My Father",7.4,57
Gangs of New York,7.5,72
Gangster Squad,6.8,40
Garden State,7.6,67
Garfield,4.9,27
The Gatekeepers,,
Gattaca,7.8,64
The General's Daughter,6.2,47
Gentleman's Agreement,7.4,
Gentlemen Broncos,6.1,28
Geograf globus propil,,
George A. Romero's Land of the Dead,,
George A. Romero's Survival of the Dead,,
George Of The Jungle,5.4,53
Georgia Rule,5.9,25
Gerry,6.2,54
Get Carter,5.0,24
Get Him to the Greek,6.4,65
Get on the Bus,6.8,
Get on Up,7.2,71
Get Over It,5.8,52
Get Real,7.7,
Get Rich or Die Tryin',4.8,45
Get Shorty,6.9,82
Get Smart,6.5,54
Getaway,4.3,23
Gettysburg,7.7,
Ghost,7.0,52
The Ghost and the Darkness,6.8,
Ghost Dog: Way of the Samurai,,
Ghost Rider,5.2,35
Ghost Rider: Spirit of Vengeance,4.3,32
Ghost Ship,5.4,28
The Ghost Writer,7.3,77
Ghost Town,6.8,72
Ghost World,7.5,88
Ghostbusters,,
Ghosts of Mississippi,6.6,
The Gift,6.7,62
Gigli,2.3,18
Girl 6,5.0,44
"Girl, Interrupted",7.3,51
The Girl Next Door,6.8,47
Girl with a Pearl Earring,7.0,72
The Girl with the Dragon Tattoo,7.9,71
The Giver,6.8,47
Gladiator,8.5,64
The Glass House,5.7,34
Glee: The 3D Concert Movie,,
Glengarry Glen Ross,7.9,80
The Glimmer Man,5.3,
Glitter,2.1,14
Gloria,7.1,
Glory,8.0,
Gnomeo and Juliet,,
Go!,,
Goal! The Dream Begins,,
The Godfather: Part III,7.6,60
Gods and Generals,6.3,30
Gods and Monsters,7.5,74
God's Army,6.6,38
Gods Not Dead,,
Godsend,4.8,24
Godzilla,6.8,62
Godzilla,6.8,62
Godzilla 2000,,
Going the Distance,6.4,51
The Golden Child,5.8,
Goldeneye,7.2,65
Goldfinger,7.8,
"Gone, Baby, Gone",7.7,72
Gone in 60 Seconds,6.5,
Gone with the Wind,8.2,
Good,6.2,40
Good Boy!,5.1,49
Good Dick,6.5,54
The Good German,6.1,49
The Good Girl,6.5,71
The Good Guy,5.9,47
The Good Heart,6.9,40
Good Luck Chuck,5.6,19
Good Morning Vietnam,,
"Good Night, and Good Luck",,
The Good Night,5.9,49
The Good Thief,6.6,68
Good Will Hunting,8.2,70
A Good Year,6.9,47
Goodbye Bafana,,
"Goodbye, Lenin!",,
Goodfellas,8.7,89
"The Goods: Live Hard, Sell Hard",5.8,39
Gory Gory Hallelujah,4.6,
Gosford Park,7.3,90
The Gospel of John,,
Gossip,5.9,31
Grace,5.2,52
The Grace Card,6.3,43
Grace Unplugged,5.9,39
Gracie,6.2,52
Graduation Day,4.0,
Gran Torino,8.2,72
The Grand,6.0,57
Grand Theft Parsons,6.1,46
Grandma's Boy,7.1,33
Grave Encounters,6.1,33
Gravity,8.0,96
Grease,7.2,70
The Great Debaters,7.6,65
The Great Escape,8.3,
The Great Gatsby,7.3,55
The Great Gatsby,7.3,55
The Great Raid,6.7,48
The Greatest Game Ever Played,7.5,55
POM Wonderful Presents: The Greatest Movie Ever Sold,,
The Greatest Story Ever Told,6.5,
The Greatest,6.7,45
The Green Hornet,5.9,39
Green Lantern,5.7,39
The Green Mile,8.5,61
Green Zone,6.9,63
Gremlins,7.2,
Gremlins 2: The New Batch,6.3,
The Grey,6.8,64
Gridiron Gang,6.9,52
Grindhouse,7.7,77
Grip: A Criminal's Story,,
Grizzly,,
Groove,6.4,54
Grosse Pointe Blank,7.4,76
Groundhog Day,8.1,72
Grown Ups,5.9,30
Grown Ups 2,5.4,19
The Grudge 2,4.9,33
Grudge Match,6.5,35
The Grudge,5.8,49
The Guard,7.3,78
Legend of the Guardians: The Owls of Ga'Hoole 3D,,
Guardians of the Galaxy,8.6,76
La Guerre du feu,,
Guess Who,5.9,49
Guiana 1838,7.4,
The Guilt Trip,5.8,50
Gulliver's Travels,4.9,33
Gun Shy,5.7,42
The Guru,5.4,47
A Guy Named Joe,7.0,
A Guy Thing,5.6,27
Gwoemul,,
3,,
3 Backyards,5.2,69
3 Men and a Baby,5.8,
3 Ninjas Kick Back,4.1,
3 Strikes,3.8,11
30 Days of Night,6.6,53
30 Minutes or Less,6.2,49
300,7.8,51
300: Rise of an Empire,6.4,48
3000 Miles to Graceland,5.9,21
3:10 to Yuma,7.8,76
J. Edgar,6.6,59
Jack,5.7,31
Jack and Jill,3.5,23
Jack Frost,5.1,
Jack Reacher,7.0,50
Jack Ryan: Shadow Recruit,6.2,57
Jack the Giant Slayer,6.3,51
The Jackal,6.3,36
Jackass 3D,7.1,56
Jackass: Number Two,7.1,66
Jackass Presents: Bad Grandpa,6.6,54
Jackass: The Movie,6.6,42
The Jacket,7.1,44
Jackie Brown,7.5,64
Jackpot,2.2,
Jade,5.1,
Jagten,,
Jakob the Liar,6.4,40
Jane Austen's Mafia,,
Janky Promoters,,
Jarhead,7.1,58
Jason Goes to Hell: The Final Friday,4.3,
Jason X,4.3,25
Jawbreaker,5.3,22
Jaws,8.1,79
Jaws 2,5.7,
Jaws 4: The Revenge,,
Jay and Silent Bob Strike Back,6.9,51
Jeepers Creepers,6.0,49
Jeepers Creepers II,5.5,36
Jefferson in Paris,5.7,45
Jekyll and Hyde... Together Again,6.1,
Jennifer's Body,5.1,47
The Jerky Boys,4.4,
Jerry Maguire,7.3,77
Jersey Boys,7.3,54
Jersey Girl,6.2,43
Jesse,6.1,
Jesus People,,
Jesus' Son,7.0,76
Jet Li's Hero,,
JFK,8.0,72
Jimmy and Judy,6.1,
Jimmy Neutron: Boy Genius,6.0,65
Jin líng shí san chai,,
Jindabyne,6.4,65
Jingle All the Way,5.3,
Jobs,5.9,44
Jodaeiye Nader az Simin,,
Joe Dirt,5.8,20
Joe Somebody,5.4,42
Joheunnom nabbeunnom isanghannom,,
John Carpenter's Ghosts of Mars,,
John Carter,6.6,51
John Q,7.0,30
Johnny English,6.0,51
Johnny English Reborn,6.3,46
Johnny Suede,5.8,53
Johnson Family Vacation,4.2,29
Jonah: A VeggieTales Movie,6.6,58
Jonah Hex,4.6,33
Josie and the Pussycats,5.3,47
Journey 2: The Mysterious Island,5.8,41
Journey from the Fall,7.4,70
Journey to the Center of the Earth,5.8,57
Joy Ride,6.6,75
Joyeux Noël,,
Joyful Noise,5.6,44
Judge Dredd,5.4,
Julie & Julia,7.0,66
Jumanji,6.8,39
Jumper,6.0,35
Jumping the Broom,5.6,56
Junebug,7.0,80
The Jungle Book 2,5.3,38
The Jungle Book,,
Juno,7.6,81
Jurassic Park,8.0,68
Jurassic Park III,5.9,42
The Juror,5.5,
Just Go With It,6.4,33
Just Like Heaven,6.7,47
Just Married,5.4,28
Just My Luck,5.3,29
Just Visiting,5.8,38
Just Wright,5.7,51
Justin Bieber: Never Say Never,,
Juwanna Mann,4.5,24
2 Fast 2 Furious,5.7,38
2 For the Money,,
2 Guns,6.8,55
"20,000 Leagues Under the Sea",7.1,
"20,000 Leagues Under the Sea",7.1,
20 Dates,5.3,36
200 Cigarettes,5.8,33
2001: A Space Odyssey,8.3,86
2012,5.8,49
2016: Obamas America,,
2046,7.5,78
21,6.8,48
21 and Over,5.8,34
21 Grams,7.8,70
21 Jump Street,7.2,69
22 Jump Street,7.7,71
24 7: Twenty Four Seven,,
25th Hour,7.7,67
27 Dresses,6.1,47
28 Days,5.9,46
28 Days Later...,7.6,73
28 Weeks Later,7.0,78
9,7.1,60
The 6th Day,5.9,49
à L'Intérieur,,
The A-Team,6.8,47
Abandon,4.8,36
Abduction,5.0,25
Aberdeen,7.3,78
About a Boy,7.1,75
About Last Night,6.1,62
About Schmidt,7.2,85
About Time,7.8,55
Abraham Lincoln: Vampire Hunter,6.0,42
Absentia,5.8,
Absolute Power,6.7,52
The Abyss,7.6,62
Ace Ventura: Pet Detective,6.9,37
Ace Ventura: When Nature Calls,6.2,45
Across the Universe,7.5,56
Act of Valor,6.5,40
Action Jackson,5.0,
Adam,7.3,56
Adaptation,,
The Addams Family,6.8,
The Adjustment Bureau,7.1,60
Admission,5.7,48
Adoration,6.4,64
Adventureland,6.8,76
The Adventures of Elmo in Grouchland,5.7,59
The Adventures of Huck Finn,6.1,
The Adventures of Pinocchio,5.3,
The Adventures of Pluto Nash,3.7,12
The Adventures of Rocky & Bullwinkle,4.1,36
The Adventures of Sharkboy and Lavagirl in 3-D,,
The Adventures of Tintin,7.4,68
Aeon Flux,5.5,36
After,5.4,
After Earth,5.0,33
After the Sunset,6.3,38
Against the Ropes,5.2,36
The Age of Innocence,7.3,83
Agent Cody Banks,5.0,41
Agent Cody Banks 2: Destination London,4.4,32
Agora,7.2,55
Aimée & Jaguar,,
Air Bud,5.0,
Air Force One,6.4,61
Airplane!,7.8,
Ajami,7.3,82
Akeelah and the Bee,7.5,72
Akira,8.1,76
Aladdin,8.0,
The Alamo,6.0,47
The Alamo,6.0,47
An Alan Smithee Film: Burn Hollywood Burn,3.5,
Alatriste,6.1,
Albert Nobbs,6.7,57
Albino Alligator,6.1,48
Alex & Emma,5.5,32
Alex Cross,5.1,30
Alex Rider: Operation Stormbreaker,,
Alexander,5.5,39
Alexander's Ragtime Band,7.1,
Alfie,6.2,49
Ali,6.7,65
Alice in Wonderland,6.5,53
Alice in Wonderland,6.5,53
Alien,8.5,83
Alien 3,,
Alien: Resurrection,6.3,63
Aliens,8.4,87
Aliens in the Attic,5.4,42
Alive,7.0,
All About Steve,4.8,17
All About the Benjamins,5.7,34
All Good Things,6.3,57
All or Nothing,7.6,72
All Superheroes Must Die,3.9,
All the King's Men,6.2,37
All the Pretty Horses,5.8,55
All the Queen's Men,4.5,19
All the Real Girls,7.0,71
Almost Famous,8.0,90
Alone in the Dark,2.3,9
Alone with Her,6.2,65
Along Came a Spider,6.3,42
Along Came Polly,5.9,44
Alpha and Omega 3D,,
Alvin and the Chipmunks,5.3,39
Alvin and the Chipmunks: The Squeakquel,4.4,41
Alvin and the Chipmunks: Chipwrecked,4.3,24
Amadeus,8.4,93
The Amazing Spider-Man 2,7.0,53
The Amazing Spider-Man,7.1,66
Amelia,5.8,37
Amen,5.8,write review
American Beauty,8.5,86
An American Carol,4.4,20
American Desi,6.7,50
American Dreamz,5.5,45
American Gangster,7.8,76
American Graffiti,7.5,
An American Haunting,5.0,38
American History X,8.6,62
American Hustle,7.4,90
An American in Hollywood,8.9,
American Ninja 2: The Confrontation,4.5,
American Outlaws,6.0,25
American Pie,7.0,58
American Pie 2,6.4,43
The American President,6.8,67
American Psycho,7.6,64
American Reunion,6.8,49
American Splendor,7.5,90
The American,6.3,61
American Wedding,6.3,43
America's Sweethearts,5.7,44
Amigo,5.6,63
Amistad,7.2,63
The Amityville Horror,6.0,33
Among Giants,5.8,
Amores Perros,8.1,83
Amour,7.8,94
Anaconda,4.6,37
Anacondas: The Hunt for the Blood Orchid,4.5,40
Analyze That,5.9,37
Analyze This,6.7,61
Anastasia,7.1,59
Anatomie,,
Anchorman 2: The Legend Continues,6.5,61
Anchorman: The Legend of Ron Burgundy,7.3,63
And Then Came Love,4.7,
And When Did You Last See Your Father?,,
Angel Eyes,5.6,39
Angela's Ashes,7.3,54
Angels & Demons,6.7,48
Anger Management,6.2,52
Animal Kingdom,7.3,83
The Animal,4.8,43
Animals,6.2,
Anna,6.5,
Anna and the King,6.7,56
Anna Karenina,6.6,63
Annie Get Your Gun,7.1,77
Annie Hall,8.2,
Anonymous,6.9,50
Another Earth,7.0,66
Another Happy Day,6.0,46
Another Year,7.3,80
The Ant Bully,5.9,59
Antitrust,6.1,31
Antwone Fisher,7.3,62
Antz,6.6,72
Any Given Sunday,6.8,52
Anything Else,6.4,43
Anywhere But Here,6.1,59
The Apartment,8.4,
Apocalypse Now,8.5,90
Apocalypto,7.8,68
Apollo 13,7.6,77
Apollo 18,5.2,24
The Apostle,7.2,83
Appaloosa,6.8,64
The Apparition,4.1,18
April Fool's Day,6.2,
Aqua Teen Hunger Force: The Movie,,
Aquamarine,5.2,51
Arachnophobia,6.3,
Ararat,6.6,62
Arbitrage,6.7,73
Archaeology of a Woman,7.0,39
Are We There Yet?,4.5,27
Area 51,,
Argo,7.8,86
Arlington Road,7.2,65
Armageddon,6.6,42
Armored,5.7,50
Army of Darkness,7.6,57
Arn - Tempelriddaren,,
Arnolds Park,5.6,
Around the World in 80 Days,5.8,49
Around the World in 80 Days,5.8,49
Aroused,6.0,
The Art of Getting By,6.6,36
The Art of War,5.7,30
Arthur,5.8,36
Arthur Christmas,7.1,69
Arthur et les Minimoys,,
Artie Lange's Beer League,,
Artificial Intelligence: AI,7.1,65
The Artist,8.0,89
"As Above, So Below",6.2,38
As Good as it Gets,7.8,67
As It Is in Heaven,6.9,71
The Assassination of Jesse James by the Coward Robert Ford,7.6,68
Assassins,6.2,
Assault On Precinct 13,6.3,54
Astérix aux Jeux Olympiques,,
Astérix et Obélix: Au service de Sa Majesté ,,
Astro Boy,6.4,53
The Astronaut Farmer,6.3,55
The Astronaut's Wife,5.3,37
At First Sight,5.9,40
ATL,5.8,63
Atlantis: The Lost Empire,6.7,52
Atlas Shrugged: Part II,,
Atlas Shrugged: Who Is John Galt?,,
Atonement,7.8,85
Attack the Block,6.6,75
August,5.4,39
August:  Osage County,,
August Rush,7.6,38
Austin Powers in Goldmember,6.2,62
Austin Powers: International Man of Mystery,7.0,51
Austin Powers: The Spy Who Shagged Me,6.6,59
Australia,6.6,53
Auto Focus,6.6,66
Automata,,
Autumn in New York,5.4,24
Avatar,7.9,83
The Avengers,8.2,69
The Avengers,8.2,69
The Aviator,7.5,77
AVP: Alien Vs. Predator,5.5,29
Awake,6.5,33
Away We Go,7.1,58
Ayurveda: Art of Being,,
Q,5.7,
Quantum of Solace,6.7,58
Quarantine,6.0,53
Quartet,6.8,64
Queen of the Damned,5.2,30
The Queen,7.4,91
Quest for Camelot,6.1,
The Quick and the Dead,6.4,49
The Quiet American,7.1,84
The Quiet,6.5,29
Quigley Down Under,6.8,
Quills,7.4,70
Quinceanera,,
Quo Vadis?,6.6,
S.W.A.T.,6.0,45
Sabotage,5.8,41
Sabrina,7.8,72
Safe,6.5,55
Safe Haven,6.7,34
Safe House,6.8,52
Safety Not Guaranteed,7.1,72
Sahara,6.0,41
Saint Ralph,7.6,51
The Saint,6.2,50
Saints and Soldiers,6.8,56
The Salon,4.1,26
Salt,6.4,65
The Salton Sea,7.2,41
Salvador,7.5,
Salvando al Soldado Perez,,
Salvation Boulevard,5.3,35
Sammy's avonturen: De geheime doorgang,,
San qiang pai an jing qi,,
Sanctuary; Quite a Conundrum,6.0,
Sanctum,5.9,42
The Santa Clause 2,5.5,48
The Santa Clause,6.3,57
Savage Grace,5.9,51
Savages,6.6,59
The Savages,7.2,85
Save the Last Dance,6.1,53
Saved!,6.9,62
Saving Face,7.6,65
Saving Grace,6.9,62
Saving Mr. Banks,7.6,65
Saving Private Ryan,8.6,90
Saving Silverman,5.9,22
Saw,7.7,46
Saw II,6.6,40
Saw III,6.2,48
Saw IV,5.9,36
Saw V,5.8,20
Saw VI,6.0,30
Saw 3D,,
Say It Isn't So,4.9,21
Say Uncle,5.7,31
A Scanner Darkly,7.1,73
Le Scaphandre et le Papillon,,
Scarface,8.3,65
The Scarlet Letter,5.0,
Scary Movie,6.2,48
Scary Movie 2,5.2,29
Scary Movie 3,5.4,49
Scary Movie 4,5.1,40
Scary Movie 5,3.5,11
Schindler's List,8.9,93
School Daze,5.7,
School for Scoundrels,5.9,44
The School of Rock,,
Scooby-Doo,4.9,35
Scooby-Doo 2: Monsters Unleashed,4.9,34
Scoop,6.7,48
The Score,6.8,71
The Scorpion King,5.5,45
Scott Pilgrim vs. The World,7.5,69
Scream,7.2,65
Scream 2,6.0,63
Scream 3,5.5,56
Scream 4,6.2,52
Screwed,5.7,7
Scrooged,7.0,38
Se jie,,
Se7en,8.7,65
Sea Rex 3D: Journey to a Prehistoric World,,
Seabiscuit,7.3,72
Season of the Witch,5.4,28
Secondhand Lions,7.6,52
The Secret Life of Bees,7.3,57
The Secret Life of Walter Mitty,7.4,54
The Secret of Kells,7.6,81
"Secret, The",,
Secret Window,6.6,46
Secretariat,7.2,61
El secreto de sus ojos,,
Secrets & Lies,8.0,91
See No Evil,5.1,17
See Spot Run,5.4,24
Seed of Chucky,4.9,46
Seeking a Friend for the End of the World,6.7,59
Selena,6.6,65
Semi-Pro,5.8,47
Sen to Chihiro no Kamikakushi,,
Sense and Sensibility,7.7,84
The Sentinel,6.1,49
September Dawn,5.7,25
Serendipity,6.9,52
Serenity,8.0,74
Serial Mom,6.6,
A Serious Man,7.0,79
Serving Sara,5.2,18
Set It Off,6.7,
Seven Pounds,7.7,36
Seven Psychopaths,7.2,66
Seven Years in Tibet,7.0,55
17 Again,6.4,48
Severance,6.6,62
Sex and the City,5.4,53
Sex and the City 2,4.1,27
Sex Drive,6.6,49
Sex Tape,5.3,36
Sex with Strangers,,
Sexy Beast,7.3,79
Sgt. Bilko,5.6,
Shadow Conspiracy,4.9,
Shadow of the Vampire,6.9,71
The Shadow,5.9,
Shadowlands,7.5,
Shaft,5.9,50
The Shaggy Dog,4.4,43
Shakespeare in Love,7.2,87
Shall We Dance?,,
Shallow Hal,5.9,48
Shame,7.3,72
Shanghai Knights,6.2,58
Shanghai Noon,6.6,77
Shaolin Soccer,,
Shark Night 3D,3.9,22
Shark Tale,6.0,48
Shattered Glass,7.3,73
Shaun of the Dead,8.0,76
The Shawshank Redemption,9.3,80
Sheena,,
Sherlock Holmes,7.6,57
Sherlock Holmes: A Game of Shadows,7.5,48
Sherrybaby,6.7,66
She's All That,5.8,51
She's Gotta Have It,6.5,
She's Out of My League,6.4,46
She's the Man,6.4,45
She's the One,6.1,
Shi Yue Wei Cheng,,
Shichinin no samurai,,
Shine,7.7,87
The Shining,8.5,61
Shinjuku Incident,,
The Shipping News,6.8,47
Shooter,7.2,53
Shopgirl,6.4,62
Short Cut to Nirvana: Kumbh Mela,,
Shortbus,6.6,64
Shorts,4.9,53
Shotgun Stories,7.3,76
Show Me,5.8,
Showgirls,4.5,16
Showtime,5.5,32
Shrek,7.9,84
Shrek 2,7.3,75
Shrek Forever After,6.4,58
Shrek the Third,6.0,58
Shutter,5.2,37
Shutter Island,8.1,63
Sicko,,
Side Effects,7.1,75
Side Effects,7.1,75
The Sidewalks of New York,,
Sideways,7.6,94
The Siege,6.3,53
The Signal,6.3,53
Signs,6.7,59
The Silence of the Lambs,8.6,84
Silent Hill,6.6,30
Silent Hill: Revelation 3D,5.0,15
Silent House,5.3,49
Silent Movie,6.7,
Silmido,7.2,
Silver Bullet,6.3,
Silver Linings Playbook,7.9,81
Silver Medalist,,
Silverado,7.2,64
Simon,8.0,59
Simon Birch,6.9,39
A Simple Plan,7.5,82
A Simple Wish,5.3,
Simply Irresistible,5.2,27
The Simpsons Movie,7.4,80
Sin City,8.2,74
Sin City: A Dame to Kill For,7.1,45
Sinbad: Legend of the Seven Seas,6.6,48
The Singing Detective,5.7,45
A Single Man,7.6,77
The Singles Ward,6.3,
Singularity,,
Sinister,6.8,53
Sisterhood of the Traveling Pants,,
The Sisterhood of the Traveling Pants 2,6.2,63
Sisters in Law,,
The Sitter,5.7,39
"Six Days, Seven Nights",,
The Sixth Sense,8.2,64
The Skeleton Key,6.5,47
The Skulls,5.5,24
Sky Captain and the World of Tomorrow,6.1,64
Sky High,6.2,62
Skyfall,7.8,81
Skyline,4.4,26
Slackers,5.3,12
Slam,7.2,
Sleep Dealer,5.9,59
Sleeper,7.3,
Sleepers,7.5,49
Sleepover,5.2,33
Sleepy Hollow,7.4,65
Sliding Doors,6.8,59
Sling Blade,8.1,84
Slither,6.5,69
Slow Burn,5.9,34
Slumdog Millionaire,8.0,86
Slums of Beverly Hills,6.6,69
Small Soldiers,6.1,
Small Time Crooks,6.7,69
Smilla's Sense of Snow,6.4,45
Smoke Signals,7.2,76
Smokin' Aces,6.7,45
The Smurfs 2,5.4,34
The Smurfs,5.5,30
Snake Eyes,5.9,52
Snakes on a Plane,5.6,58
Snatch,8.3,55
Snitch,6.5,51
Snow Day,4.9,34
Snow Dogs,5.1,29
Snow Falling on Cedars,6.8,44
Snow Flower and the Secret Fan,6.0,42
Snow White: A Deadly Summer,2.1,
Snow White and the Huntsman,6.2,57
Snow White and the Seven Dwarfs,7.7,
Snowpiercer,7.0,84
The Social Network,7.8,95
Solaris,6.2,65
Soldier,5.9,
Solitary Man,6.4,69
Solitude,,
The Soloist,6.7,61
Someone Like You,7.5,write review
Something Borrowed,5.9,36
Something Wicked,5.5,
Something's Gotta Give,6.8,66
Somewhere,6.3,67
Somewhere in Time,7.3,29
Sommersturm,,
Son of God,5.5,37
The Son of No One,5.1,36
Son of Rambow: A Home Movie,,
Son of the Mask,2.1,20
Songcatcher,7.2,63
Sonny,5.7,31
Sorcerer,7.7,
The Sorcerer's Apprentice,6.2,46
Sorority Boys,5.4,25
Sorority Row,5.1,24
Soul Food,6.9,68
Soul Men,6.5,49
Soul Plane,4.2,33
Soul Surfer,7.1,53
Soul Survivors,3.8,20
The Sound of Music,8.0,
A Sound of Thunder,4.1,24
Source Code,7.5,74
"South Park: Bigger, Longer & Uncut",,
Southland Tales,5.5,44
Space Chimps,4.6,36
Space Cowboys,6.4,73
Space Jam,6.2,
Spaceballs,7.1,46
Spaced Invaders,5.2,
Spanglish,6.5,48
The Spanish Prisoner,7.3,70
Sparkle,5.6,54
Spartacus,8.0,
Spawn,5.2,34
Speak No Evil,4.2,
The Specialist,5.4,
Species,5.8,
The Spectacular Now,7.2,82
Speed,7.2,78
Speed II: Cruise Control,3.6,23
Speed Racer,6.1,37
Spellbound,7.7,
Sphere,6.0,35
Sphinx,5.2,
Spiceworld,,
Spider,6.9,83
Spider-Man,7.3,73
Spider-Man 2,7.4,83
Spider-Man 3,6.2,59
The Spiderwick Chronicles,6.6,62
Spirit: Stallion of the Cimarron,6.9,52
The Spirit,4.8,30
Splash,6.2,
Splice,5.8,66
Split Second,6.2,
SpongeBob SquarePants,,
Spring Breakers,5.3,63
Spy Game,7.0,63
Spy Hard,5.2,25
Spy Kids,5.4,71
Spy Kids 2: The Island of Lost Dreams,,
Spy Kids 3-D: Game Over,4.1,57
Spy Kids: All the Time in the World,,
The Spy Next Door,5.4,27
The Spy Who Loved Me,7.1,
The Square,6.8,75
The Squid and the Whale,7.4,82
St. Trinian's,5.8,39
Stand by Me,8.1,
Standard Operating Procedure,,
Star Trek Into Darkness,7.9,72
Star Trek: First Contact,7.6,71
Star Trek: Generations,6.6,55
Star Trek II: The Wrath of Khan,,
Star Trek III: The Search for Spock,6.6,55
Star Trek: Insurrection,6.4,64
Star Trek IV: The Voyage Home,7.3,67
Star Trek: Nemesis,6.4,51
Star Trek: The Motion Picture,6.4,48
Star Trek V: The Final Frontier,5.3,43
Star Trek VI: The Undiscovered Country,7.2,65
Star Trek,8.0,83
Star Wars Ep. IV: A New Hope,8.7,91
Star Wars Ep. I: The Phantom Menace,6.6,51
Star Wars Ep. II: Attack of the Clones,,
Star Wars Ep. III: Revenge of the Sith,7.7,68
Star Wars Ep. VI: Return of the Jedi,,
Star Wars: The Clone Wars,5.7,35
Stardust,7.8,66
Stargate,7.0,42
Stargate - The Ark of Truth,,
Starship Troopers,7.2,51
Starsky & Hutch,6.1,55
Starsuckers,,
State of Play,7.1,64
The Statement,6.2,45
The Station Agent,7.7,81
Stay Alive,5.0,24
Stealing Harvard,5.0,25
Stealth,5.0,35
Steamboy,,
Steel,2.7,
Step Brothers,6.9,51
Step Up,6.5,48
Step Up 2 the Streets,,
Step Up 3D,6.1,45
Step Up Revolution,6.5,43
The Stepfather,5.5,33
The Stepford Wives,5.2,42
Stepmom,6.6,58
Steppin: The Movie,3.3,
Stick It,6.4,53
Sticky Fingers of Time,,
Stigmata,6.2,28
A Stir of Echoes,,
Stomp the Yard,5.1,44
Stone,5.4,58
Stone Cold,5.8,
Stonewall,,
Stop-Loss,6.5,61
"Story of Bonnie and Clyde, The",,
The Story of Us,5.9,37
Straight A's,5.6,
The Straight Story,8.0,86
Strange Wilderness,5.3,12
Stranger Than Fiction,7.7,67
Strangers on a Train,8.1,
The Strangers,6.2,47
Strangers with Candy,6.0,57
Straw Dogs,5.8,45
Street Fighter,3.7,
Street Fighter: The Legend of Chun-Li,3.7,17
Street Kings,6.8,55
Stripes,6.9,
Striptease,4.2,
Stuart Little,5.9,61
Stuart Little 2,5.4,66
Stuck On You,5.8,62
Submarine,7.3,76
Subway,6.5,
Sucker Punch,6.1,33
Sugar Hill,5.8,
Sugar Town,6.0,62
Sukkar banat,,
The Sum of All Fears,6.4,45
Summer Catch,4.9,21
Summer of Sam,6.6,67
Sunday,,
Sunday School Musical,,
Sunshine,7.3,64
Sunshine Cleaning,6.9,61
Sunshine State,6.9,69
Super,6.8,50
Super 8,7.1,72
Super Babies: Baby Geniuses 2,,
Super Capers,,
Super Mario Bros.,4.0,
Super Size Me,,
Super Troopers,7.1,48
Superbad,7.7,76
Supercross,3.9,26
Superhero Movie,4.5,33
Superman,7.4,86
Superman II,6.8,87
Superman III,4.9,42
Superman IV: The Quest for Peace,3.6,22
Superman Returns,6.1,72
Supernova,4.7,19
Superstar,4.9,42
Supesu Batorushippu Yamato,,
Supporting Characters,6.3,62
Sur Le Seuil,6.6,
Surf's Up,6.8,64
Surrogates,6.3,45
Surveillance,6.4,31
Suspect Zero,5.9,37
The Sweet Hereafter,7.7,90
Sweet Home Alabama,6.1,45
Sweet November,6.6,27
The Sweetest Thing,5.0,32
Swelter,4.5,
Swept Away,3.6,18
Swimfan,4.9,29
Swimming Pool,6.8,70
The Swindle,4.3,
Swing Vote,6.1,47
Swingers,7.4,71
The Switch,6.0,52
Switchback,6.4,
Swordfish,6.5,32
Sydney White,6.3,45
"Synecdoche, New York",7.4,67
Syriana,7.0,76
Ta Ra Rum Pum,5.4,49
Tadpole,6.3,71
Tae Guik Gi: The Brotherhood of War,,
Tailor of Panama,,
Take Me Home Tonight,6.4,42
Take Shelter,7.4,85
Take the Lead,6.6,55
Taken,7.9,50
Taken 2,6.3,45
Takers,6.2,45
The Taking of Pelham 123,,
Taking Woodstock,6.7,55
The Tale of Despereaux,6.1,53
The Talented Mr. Ripley,7.3,76
Tales from the Crypt: Demon Knight,6.7,
Tales from the Hood,6.1,
Talk Radio,7.2,
Talladega Nights: The Ballad of Ricky Bobby,6.5,66
Tammy,4.8,39
Tangled,7.9,71
Tango,6.7,
Tango & Cash,6.3,
Tank Girl,5.1,
Tanner Hall,5.9,40
Taps,6.7,
Tarnation,,
Tarzan,4.7,
Taxi Driver,8.4,93
Taxi to the Dark Side,,
Taxman,5.5,48
Tea with Mussolini,6.9,53
Teacher's Pet: The Movie,,
Team America: World Police,7.2,64
Tears of the Sun,6.6,48
Ted,7.1,62
Teen Wolf Too,3.0,8
Teenage Mutant Ninja Turtles,6.4,31
TMNT,6.4,41
Teenage Mutant Ninja Turtles,6.4,31
Teenage Mutant Ninja Turtles II: The Secret of the Ooze,5.9,
Teenage Mutant Ninja Turtles III,4.8,
Teeth,5.5,57
The Tempest,5.4,43
The Ten Commandments,7.9,
The Ten Commandments,7.9,
Ten Things I Hate About You,,
The Terminal,7.3,55
Terminator 2: Judgment Day,8.5,68
Terminator 3: Rise of the Machines,6.4,66
Terminator Salvation: The Future Begins,6.7,52
The Terminator,8.1,84
Test,6.4,69
The Texas Chainsaw Massacre 2,5.5,
Texas Chainsaw 3D,4.8,
The Texas Chainsaw Massacre,6.2,38
The Texas Chainsaw Massacre,6.2,38
The Texas Chainsaw Massacre: The Beginning,5.9,29
Texas Rangers,5.1,29
Thank You For Smoking,7.6,71
That Awkward Moment,6.2,36
That Thing You Do!,6.8,71
There Be Dragons,5.9,33
There Goes My Baby,6.4,
There Will Be Blood,8.1,92
There's Something About Mary,7.1,69
Wes Craven Presents: They,,
They Live,7.3,52
A Thin Line Between Love & Hate,,
The Thin Red Line,7.6,78
The Thing,8.2,
Things to Do in Denver when You're Dead,6.8,46
Things We Lost in the Fire,7.2,63
Think Like a Man,6.6,51
Think Like a Man Too,5.6,38
Thinner,5.6,
Thirteen,6.9,70
Thirteen Conversations About One Thing,7.1,74
Thirteen Days,7.3,67
Thirteen Ghosts,,
The Thirteenth Floor,7.0,36
This Christmas,6.1,63
This is 40,6.2,59
This is England,7.7,86
This Is Martin Bonner,6.7,71
This is the End,6.8,67
This Means War,6.4,31
This Thing of Ours,5.3,36
Thomas and the Magic Railroad,3.5,19
The Thomas Crown Affair,6.8,72
Thor,7.0,57
Thor: The Dark World,7.2,54
A Thousand Words,5.9,26
Thr3e,5.1,34
3 Days to Kill,6.2,40
Three Kingdoms: Resurrection of the Dragon,,
Three Kings,7.2,82
The Three Musketeers 3D,,
The Three Stooges,5.1,56
Three to Tango,6.1,36
Thumbsucker,6.7,69
Thunderball,7.0,
Thunderbirds,4.2,36
The Tigger Movie,6.2,53
Timber Falls,5.3,
Time Bandits,7.0,
Time Changer,5.5,26
The Time Machine,5.9,42
A Time to Kill,7.4,54
The Time Traveler's Wife,7.1,47
Timecop,5.8,48
Timeline,5.6,28
Tin Cup,6.3,60
Tinker Tailor Soldier Spy,7.1,85
Tiny Furniture,6.3,72
Titan A.E.,6.6,48
Titanic,7.7,74
To Die For,6.8,86
The To Do List,5.8,61
To Kill A Mockingbird,8.4,
To Rome with Love,6.3,54
To Save a Life,7.2,19
Tom yum goong,,
Tombstone,7.9,
Tomcats,5.3,15
Tomorrow Never Dies,6.4,56
The Tooth Fairy,,
Tootsie,7.4,87
Top Gun,6.8,
Topaz,6.3,
Topsy Turvy,,
Torn Curtain,6.7,
Torque,3.9,41
Total Recall,6.3,43
Total Recall,6.3,43
Touching the Void,,
The Tourist,6.0,37
Tower Heist,6.2,59
Town & Country,4.3,34
The Town,7.6,74
Toy Story,8.3,92
Toy Story 2,7.9,88
Toy Story 3,8.4,92
Trade,7.5,42
Traffic,7.7,86
Training Day,7.7,70
Trainspotting,8.2,83
Traitor,7.0,60
Trance,7.0,61
Trance,7.0,61
Transamerica,7.5,66
Transcendence,6.3,42
Transformers: Age of Extinction,6.1,32
Transformers: Dark of the Moon,6.4,42
Transformers: Revenge of the Fallen,6.0,35
Transformers,7.2,61
The Transporter 2,6.3,56
The Transporter,6.8,51
Transsiberian,6.7,72
Trapped,6.2,42
Travellers and Magicians,,
Treasure Planet,7.0,60
The Tree of Life,6.7,85
Trees Lounge,7.2,
Trekkies,,
Tremors,7.2,65
Los tres entierros de Melquiades Estrada,,
The Trials of Darryl Hunt,,
Les Triplettes de Belleville,,
Trippin',5.2,
Tristram Shandy: A Cock and Bull Story,,
Trois,3.8,
Trolljegeren,,
Tron,6.8,
Tron: Legacy,6.8,49
Troop Beverly Hills,5.3,
Tropa de Elite,,
Tropic Thunder,7.0,71
The Trouble With Harry,7.2,
Trouble with the Curve,6.8,58
Troy,7.2,56
Trucker,6.7,61
True Grit,7.7,80
True Lies,7.2,63
True Romance,8.0,57
A True Story,5.3,
The Truman Show,8.0,90
Trust,7.0,60
Trust the Man,5.7,43
Tsotsi,7.3,70
Tuck Everlasting,6.7,66
Tucker & Dale vs. Evil,7.6,65
Tumbleweeds,6.7,75
Turbo,6.5,58
Turbulence,4.7,
Turistas,5.3,36
The Tuxedo,5.2,30
Twelve Monkeys,8.1,74
12 Years a Slave,8.2,97
Twilight,5.2,56
Twilight,5.2,56
"The Twilight Saga: Breaking Dawn, Part 1",,
"The Twilight Saga: Breaking Dawn, Part 2",,
Twilight Zone: The Movie,6.5,38
Twin Falls Idaho,7.3,71
Twins,5.9,53
Twisted,5.2,26
Twister,6.2,68
Two Brothers,,
Two Can Play That Game,6.0,35
Two Girls and a Guy,5.6,66
Two Lovers,7.1,74
Two Weeks Notice,6.0,42
Tyler Perry's A Madea Christmas,,
Tyler Perry's Good Deeds,,
Tyler Perry's Madea's Witness Protection,,
C'era una volta il West,,
C.H.U.D.,5.4,
Cabin Fever,5.6,56
The Cabin in the Woods,7.1,72
The Cable Guy,6.0,
Caché,,
Caddyshack,7.4,
Cadillac Records,6.9,65
The Californians,5.1,
Call+Response,,
The Call,6.7,51
The Calling,5.8,46
Cama adentro,,
Camping Sauvage,5.3,
Can't Stop the Music,4.5,
Can't Hardly Wait,6.5,52
The Canyons,3.9,36
Cape Fear,7.3,73
Capitalism: A Love Story,,
Capote,7.4,88
Captain America: The First Avenger,6.8,66
Captain America: The Winter Soldier,7.9,70
Captain Corelli's Mandolin,5.9,36
Captain Phillips,7.9,83
Caravans,6.7,
Carlos,,
Carrie,6.0,53
Carrie,6.0,53
Cars,7.3,73
Cars 2,6.4,57
Casa de Areia,,
Casa de mi Padre,5.5,52
Casablanca,8.6,
Case 39,6.2,25
The Case of the Grinning Cat,,
Ca$h,6.1,
Casino,8.2,73
Casino Jack,6.2,51
Casino Royale,8.0,81
Casino Royale,8.0,81
Casper,6.0,
Cast Away,7.7,73
The Cat in the Hat,,
Cat on a Hot Tin Roof,8.1,
Cat People,6.0,
Cat People,6.0,
Catch-22,7.2,
Catch a Fire,6.8,62
Catch Me if You Can,8.0,76
Catch That Kid,5.2,33
Cats & Dogs,5.2,47
Cats & Dogs: The Revenge of Kitty Galore,4.2,30
Cats Don't Dance,6.9,
Catwoman,3.3,27
The Cave,5.0,30
The Caveman's Valentine,6.0,44
Cavite,6.3,64
Cecil B. Demented,,
Celebrity,6.3,41
The Cell,6.3,40
Cellular,6.5,60
Center Stage,6.6,52
Central do Brasil,,
Centurion,6.4,62
Chacun sa nuit,,
Chain Letter,4.1,
Chain Reaction,5.5,
Chairman of the Board,2.3,
The Change-Up,6.4,39
Changeling,7.8,63
Changing Lanes,6.5,69
"Charge of the Light Brigade, The",,
Chariots of Fire,7.3,
Charlie and the Chocolate Factory,6.7,72
Charlie Bartlett,7.0,54
Charlie St. Cloud,6.4,37
Charlie Wilson's War,7.1,69
Charlie's Angels,5.5,52
Charlie's Angels: Full Throttle,4.8,48
Charlotte's Web,6.4,68
Charly,7.2,
Chasing Amy,7.4,71
Chasing Liberty,6.1,46
Chasing Papi,4.7,33
Chasseurs de dragons,,
Cheaper by the Dozen,5.8,46
Cheaper by the Dozen 2,5.4,34
Cheri,,
Chernobyl Diaries,5.0,
Chicago,7.2,82
Chicken Little,5.8,48
Chicken Run,7.1,88
Chicken Tikka Masala,5.9,
The Children of Huang Shi,7.1,49
Children of Men,7.9,84
Child's Play,6.5,
Child's Play 2,5.6,
Chill Factor,5.2,33
Chinjeolhan geumjassi,,
Chloe,6.3,48
Chocolat,7.3,64
Chocolate: Deep Dark Secrets,4.7,
Les Choristes,,
A Christmas Story,8.1,77
Christmas with the Kranks,5.1,22
Chronicle,7.1,69
The Chronicles of Narnia: Prince Caspian,6.6,62
"The Chronicles of Narnia: The Lion, the Witch and the Wardrobe",6.9,75
The Chronicles of Narnia: The Voyage of the Dawn Treader,6.4,53
The Chronicles of Riddick,6.7,38
Chuck&Buck,,
The Chumscrubber,7.1,41
Cidade de Deus,,
"Cinco de Mayo, La Batalla",6.0,
Cinderella,,
Cinderella Man,8.0,69
A Cinderella Story,5.8,25
Circumstance,5.9,65
Cirque du Soleil: Worlds Away,6.7,51
City by the Sea,6.2,50
City Hall,6.2,
City Island,7.4,66
City of Angels,6.7,54
City of Ember,6.5,58
City of Ghosts,6.0,57
The City of Your Final Destination,6.4,52
A Civil Action,6.5,68
Civil Brand,5.2,29
CJ7,,
The Claim,6.5,62
The Clan of the Cave Bear,5.3,
Clash of the Titans,5.8,39
Clash of the Titans,5.8,39
Class of 1984,6.6,
Clay Pigeons,6.6,46
Clean,6.9,75
Clear and Present Danger,6.9,74
Cleopatra,7.0,
Clerks,,
Clerks II,7.5,65
Click,6.4,45
The Client,6.7,65
Cliffhanger,6.3,60
Clockstoppers,5.2,40
Close Encounters of the Third Kind,7.7,91
Closer,7.3,65
Cloud Atlas,7.6,55
Cloudy with a Chance of Meatballs,7.0,66
Cloudy with a Chance of Meatballs 2,6.5,59
Cloverfield,7.1,64
Club Dread,5.6,45
Clueless,6.7,68
Coach Carter,7.2,57
Coco avant Chanel,,
Code Name: The Cleaner,4.4,33
The Cold Light of Day,4.9,22
Cold Mountain,7.2,73
Collateral,7.6,71
Collateral Damage,5.4,33
The Collection,6.1,36
College,4.6,15
Colombiana,6.4,45
The Color of Money,7.0,
The Color Purple,7.8,
Come Early Morning,6.3,64
Commando,6.6,
Company Man,5.4,18
The Company,6.2,73
Con Air,6.8,52
Conan the Barbarian 3D,,
Conan the Barbarian,5.2,36
Conan the Destroyer,5.8,
Confessions of a Dangerous Mind,7.1,67
Confessions of a Teenage Drama Queen,4.5,33
Confidence,6.7,59
Il conformista,,
Congo,5.0,22
The Conjuring,7.5,68
Connie & Carla,,
Conspiracy Theory,6.7,49
The Conspirator,7.0,55
The Constant Gardener,7.5,82
Constantine,6.9,50
Contact,7.4,62
Contagion,6.7,70
The Contender,7.0,59
Contraband,6.5,51
Control,7.8,78
The Conversation,8.0,86
Conversations with Other Women,7.1,62
Conviction,7.2,61
The Cookout,3.5,15
Cool Runnings,6.9,
The Cooler,7.0,69
Cop Land,6.9,64
Copycat,6.5,54
Copying Beethoven,6.8,59
Coraline,7.7,80
The Core,5.4,48
Coriolanus,6.1,79
Corky Romano,4.6,20
The Corpse Bride,,
The Corruptor,6.0,56
The Cotton Club,6.5,
Cotton Comes to Harlem,6.5,
"Couloirs du temps: Les visiteurs 2, Les",,
The Counselor,5.4,48
The Count of Monte Cristo,7.7,61
The Country Bears,3.9,37
Country Strong,6.3,45
Cop Out,5.7,31
Couples Retreat,5.5,23
Courage Under Fire,6.6,77
Courageous,6.9,42
The Covenant,5.2,19
Cowboys and Aliens,,
Coyote Ugly,5.5,27
Cradle 2 the Grave,5.7,36
Cradle Will Rock,6.9,64
The Craft,6.2,
Crank,7.0,57
Crank 2: High Voltage,6.2,41
Crash,7.9,69
Crash,7.9,69
The Crazies,6.6,55
crazy/beautiful,,
Crazy Heart,7.3,83
Crazy in Alabama,6.3,46
"Crazy, Stupid, Love",7.5,68
Creature,4.1,
Creepshow,6.8,
Creepshow 2,5.9,
The Crew,5.6,37
El crimen de padre Amaro,,
Crimson Tide,7.3,66
Critical Care,6.0,
Crocodile Dundee,6.5,
Crocodile Dundee in Los Angeles,4.8,37
Crocodile Hunter: Collision Course,,
Los Cronocrímenes,,
The Croods,7.3,55
Crooklyn,6.9,65
Crossover,2.0,30
Crossroads,3.2,27
"Crouching Tiger, Hidden Dragon",,
Cruel Intentions,6.9,56
The Cry of the Owl,6.0,
Cry Wolf,6.5,
The Crying Game,7.3,90
The Curious Case of Benjamin Button,7.8,70
Curious George,6.6,62
The Curse of the Jade Scorpion,6.8,52
Cursed,4.9,31
Cutthroat Island,5.6,
Cyrus,6.3,74
"10,000 B.C.",5.0,34
102 Dalmatians,4.8,35
10th & Wolf,6.5,36
11:14,,
12 Angry Men,8.9,
12 Rounds,5.6,38
127 Hours,7.7,82
13 Going On 30,6.1,57
The 13th Warrior,6.6,42
1408,6.8,64
15 Minutes,6.1,34
16 Blocks,6.6,63
16 to Life,6.3,
1776,7.6,
1941,5.9,
I am Legend,7.2,65
I am Love,,
I am Number Four,6.1,36
I Am Sam,7.6,28
I Can Do Bad All By Myself,3.8,55
I Come with the Rain,5.5,
I Don't Know How She Does It,4.8,38
I Dreamed of Africa,5.5,33
"I, Frankenstein",5.2,30
I Got the Hook-Up!,,
That's My Boy,5.6,31
I Heart Huckabees,6.8,55
I Hope They Serve Beer in Hell,5.3,26
I Know What You Did Last Summer,5.6,52
"I Love You, Beth Cooper",5.3,32
"I Love You, Man",7.1,70
"I Love You, Phillip Morris",,
I Love Your Work,5.3,39
I'm Not There,,
I Married a Strange Person,,
I Now Pronounce You Chuck and Larry,,
"I, Robot",7.1,59
I Spit on Your Grave,6.3,27
I Spy,5.4,35
I Still Know What You Did Last Summer,4.5,21
I Think I Love My Wife,5.5,49
I Want Someone To Eat Cheese With,6.3,60
I Want Your Money,,
Ice Age,7.6,60
Ice Age: Continental Drift,6.7,49
Ice Age: Dawn of the Dinosaurs,7.1,50
Ice Age: The Meltdown,6.9,58
The Ice Pirates,5.6,
Ice Princess,6.0,55
The Ice Storm,7.5,72
The Iceman,6.9,60
An Ideal Husband,6.9,67
Identity,7.3,64
Identity Thief,5.7,35
The Ides of March,7.2,67
Idle Hands,6.2,31
Idlewild,6.2,55
If I Stay,7.1,47
Igby Goes Down,7.0,72
Igor,6.1,40
Iguana,6.1,
Illuminata,6.2,60
The Illusionist,7.6,68
L'illusionniste,,
The Imaginarium of Doctor Parnassus,6.9,65
Imaginary Heroes,7.3,53
Imagine Me & You,6.9,49
Imagine That,5.6,54
Immortals,6.1,46
The Importance of Being Earnest,6.9,60
The Impossible,7.6,73
Impostor,6.2,33
In & Out,,
In Bruges,8.0,67
In Cold Blood,8.0,89
The In Crowd,4.5,14
In Dreams,5.4,
In Good Company,6.5,66
In Her Line of Fire,4.0,
In the Bedroom,7.5,86
In the Company of Men,7.3,81
In the Cut,5.3,46
In the Heat of the Night,8.0,
In the Land of Women,6.6,47
In the Name of the King: A Dungeon Siege Tale,3.8,15
In the Name of the King III,,
In the Shadow of the Moon,,
In the Valley of Elah,7.2,65
In Time,6.6,53
In Too Deep,6.1,53
The Inbetweeners,,
Incendies,8.2,82
Inception,8.8,74
Inchon,2.7,
Incident at Loch Ness,6.6,62
The Incredible Burt Wonderstone,5.9,44
The Incredible Hulk,6.9,61
The Incredibles,8.0,90
The Incredibly True Adventure of Two Girls in Love,6.5,
Independence Day,6.9,59
The Indian in the Cupboard,5.9,
Indiana Jones and the Kingdom of the Crystal Skull,6.3,65
Indiana Jones and the Last Crusade,8.3,65
Indiana Jones and the Temple of Doom,7.6,57
Indigènes,,
Infamous,7.1,68
The Informant,6.4,
The Informers,5.1,20
Inglourious Basterds,8.3,69
Inkheart,6.1,
The Inkwell,6.4,
Inside Deep Throat,,
Inside Job,5.8,
Inside Llewyn Davis,7.5,92
Inside Man,7.7,76
The Insider,7.9,84
Insidious,6.8,52
Insidious Chapter 2,,
Los insolitos peces gato,,
Insomnia,7.2,78
Insomnia Manica,5.3,
Inspector Gadget,4.1,36
Instinct,6.5,43
The International,6.5,52
The Internship,6.3,42
The Interpreter,6.4,62
Interview with the Assassin,6.6,60
Interview with the Vampire: The Vampire Chronicles,7.6,59
Into the Blue,5.8,45
Into the Storm,6.3,44
Into the Wild,8.2,73
Intolerable Cruelty,6.3,71
Invaders from Mars,5.4,
The Invasion,5.9,45
Les invasions barbares,,
The Invention of Lying,6.4,58
Invictus,7.4,74
Ira and Abby,,
Iraq for Sale: The War Profiteers,,
Iris,7.1,76
The Iron Giant,7.9,85
The Iron Lady,6.4,54
Iron Man,7.9,79
Iron Man 2,7.1,57
Iron Man 3,7.4,62
Ishtar,4.1,52
The Island of Dr. Moreau,4.4,
The Island,6.9,50
The Island,6.9,50
Isn't She Great,5.2,34
It Happened One Night,8.3,
The Italian Job,7.0,68
It's a Mad Mad Mad Mad World,,
It's All Gone Pete Tong,7.4,56
It's Complicated,6.6,57
It's Kind of a Funny Story,7.2,63
W.,6.4,56
The Wackness,7.1,
Wag the Dog,7.1,73
Waiting...,6.8,30
Waiting for Guffman,7.6,71
Waitress,7.1,75
Waking Ned Devine,,
Walk Hard: The Dewey Cox Story,6.7,63
A Walk on the Moon,6.6,70
Walk the Line,7.9,72
A Walk to Remember,7.4,35
Walking and Talking,6.8,67
Walking Tall,6.2,44
Walking with Dinosaurs,8.5,94
WALL-E,8.5,94
Wall Street,7.4,56
Wall Street 2: Money Never Sleeps,6.3,59
Wallace & Gromit: The Curse of the Were-Rabbit,,
Waltz with Bashir,,
Wanderlust,5.6,53
Wanted,6.7,64
War,6.2,36
War Horse,7.2,72
"War, Inc.",5.7,37
War of the Worlds,6.5,73
War Games,4.6,
Warlock,6.1,
Warlock: The Armageddon,5.2,
Warm Bodies,7.0,59
Warrior,8.3,71
Warriors of Virtue,4.5,
The Warrior's Way,6.3,45
The Wash,4.5,18
The Watcher,5.3,22
Watchmen,7.6,56
Water,7.8,77
Water & Power,6.5,write review
Water for Elephants,7.0,52
The Waterboy,6.0,41
Waterworld,6.0,56
The Way of the Gun,6.7,49
The Way Way Back,7.4,68
Wayne's World,7.0,53
We Are Marshall,7.1,53
We Bought a Zoo,7.1,58
We Own the Night,6.9,59
We're the Millers,7.1,44
We Were Soldiers,7.1,65
The Weather Man,6.7,61
The Wedding Crashers,7.0,64
The Wedding Date,6.0,32
The Wedding Planner,5.1,33
Weekend,7.7,81
Das Weisse Band: Eine deutsche Kindergeschichte,,
Welcome Home Roscoe Jenkins,,
Welcome to Mooseport,5.2,33
People Like Us,7.1,49
Welcome to the Dollhouse,7.5,83
Welcome to the Rileys,7.0,50
Die Welle,,
The Wendell Baker Story,5.5,44
Wendy and Lucy,7.1,80
We're No Angels,6.0,
West Side Story,7.6,
Whale Rider,7.7,79
What a Girl Wants,5.8,41
What Dreams May Come,7.0,44
What Happens in Vegas...,,
What Just Happened,5.7,
What Lies Beneath,6.6,51
What Planet Are You From?,5.6,41
What the #$'! Do We Know,,
What to Expect When You're Expecting,5.7,41
What Women Want,6.4,47
Whatever it Takes,5.5,20
Whatever Works,7.2,45
What's Eating Gilbert Grape,7.8,
What's the Worst That Could Happen?,5.4,37
What's Your Number?,6.0,35
When a Stranger Calls,5.0,27
When The Cat's Away,,
Where the Heart Is,6.8,30
Where the Truth Lies,6.6,47
Where the Wild Things Are,6.8,71
While We're Young,7.2,84
Whip It,6.9,68
Whipped,4.4,10
White Chicks,5.3,41
The White Countess,6.7,60
White Fang,6.6,
White House Down,6.4,52
White Noise,5.5,30
White Noise 2: The Light,5.8,
White Oleander,7.2,61
White Squall,6.6,53
Whiteout,5.5,
Who Framed Roger Rabbit?,,
Who Killed the Electric Car?,,
The Whole Nine Yards,6.7,47
The Whole Ten Yards,5.4,24
Why Did I Get Married Too?,4.2,43
Wicker Park,7.0,40
The Widow of St. Pierre,,
The Wild Bunch,8.1,
Wild Target,6.9,41
The Wild,5.4,47
Wild Things,6.5,52
The Wild Thornberrys,,
Wild Wild West,4.8,38
Willard,6.1,61
Wimbledon,6.3,59
Win a Date with Tad Hamilton!,5.6,52
The Wind That Shakes the Barley,7.5,82
Windtalkers,6.0,51
Wing Commander,4.1,21
Winged Migration,,
Winnie the Pooh,7.3,74
Winter in Wartime,,
Winter Passing,6.5,56
Winter's Bone,7.2,90
Winter's Tale,6.2,31
Witchboard,5.7,
Without a Paddle,5.9,29
Without Limits,7.2,
Witless Protection,3.1,17
Witness,7.5,76
The Wiz,5.1,
The Wizard of Oz,8.1,100
Wolf,6.2,
Wolf Creek,6.3,54
The Wolfman,5.8,43
The Wolf of Wall Street,8.3,75
The Wolverine,6.8,60
The Woman in Black,6.5,62
Woman on Top,5.2,41
Womb,6.4,48
The Women,4.9,27
Wonder Boys,7.4,73
Wonderland,6.6,43
Woo,3.7,
The Wood,6.8,52
Wordplay,,
The Words,7.1,37
The Work and the Glory,6.8,
The Work and the Glory: American Zion,,
The Work and the Story,5.7,
The World is Not Enough,6.4,59
World Trade Center,6.0,66
World War Z,7.1,63
The World's End,7.0,81
The World's Fastest Indian,7.9,68
World's Greatest Dad,7.0,69
Wrath of the Titans,5.8,37
Wreck-It Ralph,7.8,72
The Wrestler,7.9,81
Wristcutters: A Love Story,7.4,62
The Wrong Man,7.5,
Wrong Turn,6.1,32
Wu ji,,
Wyatt Earp,6.6,47
Pacific Rim,7.1,64
The Pacifier,5.5,30
Pain & Gain,6.5,45
Paint Your Wagon,6.7,
The Painted Veil,7.5,69
Pale Rider,7.3,
The Pallbearer,4.9,
Pandora's Box,5.0,
Pandorum,6.8,28
Panic,6.8,77
Panic Room,6.8,65
Paparazzi,5.8,38
Paranoia,5.6,32
Paranormal Activity,6.4,68
Paranormal Activity 2,5.7,53
Paranormal Activity 3,5.9,59
Paranormal Activity 4,4.5,40
Paranormal Activity: The Marked Ones,5.1,42
ParaNorman,7.0,72
Paraphobia,,
Parental Guidance,6.0,36
"Paris, je t'aime",7.4,66
Parker,6.2,42
Partition,7.0,
Party Monster,6.3,36
Passchendaele,6.6,
The Passion of the Christ,7.1,47
The Past is a Grotesque Animal,,
Patch Adams,6.6,25
Pathology,6.0,55
Patriot Games,6.9,
The Patriot,7.1,63
Paul,7.1,57
Paul Blart: Mall Cop,5.2,39
Pay it Forward,7.1,40
Payback,7.1,46
Paycheck,6.2,43
PCU,6.5,
"Peace, Propaganda and the Promised Land",,
The Peacemaker,5.9,43
Pearl Harbor,6.0,44
Peeples,5.1,52
Peggy Sue Got Married,6.3,
The Pelican Brief,6.5,50
Pendulum,6.4,
Penitentiary,5.8,
Per qualche dollaro in più,,
Per un pugno di dollari,,
Percy Jackson & the Olympians: The Lightning Thief,5.9,47
Percy Jackson: Sea of Monsters,5.9,39
The Perez Family,6.1,
The Perfect Game,6.9,42
A Perfect Getaway,6.5,63
The Perfect Host,6.8,48
The Perfect Man,5.4,27
The Perfect Storm,6.4,59
The Perfect Wave,4.7,
Perfume: The Story of a Murderer,7.5,56
The Perks of Being a Wallflower,8.1,67
Persepolis,8.0,90
Pet Sematary,6.5,
Peter Pan,6.9,64
Peter Pan,6.9,64
Peter Pan: Return to Neverland,,
Le Petit Nicolas,,
Les petits mouchoirs,,
Phantasm II,6.5,
Phantom,5.8,40
The Phantom of the Opera,7.4,40
The Phantom,4.9,
Phat Girlz,2.9,36
Phenomenon,6.4,41
Philadelphia,7.7,66
Philomena,7.7,76
Phone Booth,7.1,56
Pi,7.5,72
The Pianist,8.5,85
Pieces of April,7.1,70
The Pineapple Express,7.0,64
The Pink Panther,5.5,38
Pinocchio,7.6,
Piranha 3D,5.6,53
The Pirates! Band of Misfits,,
Pirates of the Caribbean: At World's End,7.1,50
Pirates of the Caribbean: Dead Man's Chest,7.3,53
Pirates of the Caribbean: On Stranger Tides,6.7,45
Pirates of the Caribbean: The Curse of the Black Pearl,8.1,63
The Pirates Who Don't Do Anything: A VeggieTales Movie,5.6,49
Pitch Black,7.1,49
Pitch Perfect,7.3,66
The Place Beyond the Pines,7.4,68
Disney Planes,,
Planes: Fire and Rescue,,
Planet 51,6.1,39
Planet of the Apes,8.0,
Plastic,5.8,
Platoon,8.2,
Play it to the Bone,5.4,32
The Player,7.7,86
The Players Club,5.5,
Playing for Keeps,5.7,27
The Pledge,6.8,71
Pocahontas,6.6,58
Poetic Justice,5.8,51
Point Blank,7.5,
Pokemon 2000,,
Pokemon 3: The Movie,,
Pokemon: The First Movie,,
The Poker House,6.6,
The Polar Express,6.6,61
Police Academy,6.6,41
Police Academy 7: Mission to Moscow,,
Pollock,7.0,77
Poltergeist,7.4,
Poltergeist III,4.4,
Pompeii,5.6,39
Pontypool,6.7,54
Pooh's Heffalump Movie,6.3,64
Poolhall Junkies,7.0,36
Pootie Tang,5.1,31
Porky's,6.1,40
Poseidon,5.6,50
Possession,5.6,
The Possession,5.9,45
Post Grad,5.3,35
The Postman Always Rings Twice,6.6,
The Postman,5.9,29
Poultrygeist: Night of the Chicken Dead,6.2,
The Powerpuff Girls,6.4,65
Practical Magic,6.0,46
Precious (Based on the Novel Push by Sapphire),,
Predator,7.9,36
Predator 2,6.2,
Prefontaine,6.7,56
Premium Rush,6.5,66
Premonition,5.8,29
The Prestige,8.5,66
Pretty Woman,6.9,51
Pride and Glory,6.7,45
Pride and Prejudice,7.5,
Priest,5.7,41
Primary Colors,6.7,70
Primer,7.0,68
The Prince & Me,,
The Prince of Egypt,6.9,64
Prince of Persia: Sands of Time,,
The Prince of Tides,6.7,
The Prince,4.5,17
The Princess and the Cobbler,,
The Princess and the Frog,7.2,73
The Princess Bride,8.2,77
The Princess Diaries 2: Royal Engagement,5.6,43
The Princess Diaries,6.1,52
Princess Kaiulani,,
Prison,5.9,
The Prisoner of Zenda,7.0,
Prisoners,8.1,74
Private Benjamin,6.0,
The Producers: The Movie Musical,,
Project X,6.7,48
Prom,5.3,50
Prom Night,3.8,17
Prometheus,7.1,65
Promised Land,6.6,55
Proof,6.8,64
Proof of Life,6.2,45
Un Prophète,,
The Proposal,6.7,48
The Proposition,7.5,73
Proud,5.8,
Psycho,8.6,
Psycho Beach Party,6.3,42
Public Enemies,7.0,70
The Puffy Chair,6.6,73
Pulp Fiction,9.0,94
Pulse,4.7,27
Pump,,
Punch-Drunk Love,7.3,78
The Punisher,6.4,33
Punisher: War Zone,6.0,30
The Purge: Anarchy,6.7,49
The Purge,5.5,41
Purple Violets,6.6,
The Pursuit of D.B. Cooper,5.7,
The Pursuit of Happyness,7.9,64
Push,6.1,36
Pushing Tin,6.0,47
Puss in Boots,6.7,65
K-19: The Widowmaker,6.6,58
K-PAX,7.4,49
Kabhi Alvida Naa Kehna,6.0,
Kama Sutra,,
Kangaroo Jack,4.3,16
Kansas City,6.2,57
Karakter,,
The Karate Kid,7.2,
The Karate Kid,7.2,
Kate and Leopold,,
Katy Perry: Part of Me 3D,,
Keeping the Faith,6.5,60
Keeping Up with the Steins,5.4,57
The Kentucky Fried Movie,6.5,
Kevin Hart: Laugh at My Pain,,
Kevin Hart: Let Me Explain,,
Khumba,5.8,41
Kick-Ass,7.8,66
Kick-Ass 2,6.7,41
Kickboxer,6.2,
Kicking and Screaming,7.1,75
The Kid,6.0,45
Kids,7.0,
The Kids Are All Right,7.1,86
Kill Bill: Volume 1,8.2,69
Kill Bill: Volume 2,8.0,83
Kill List,6.3,67
Kill the Messenger,,
Killer Elite,6.5,44
The Killer Inside Me,6.2,53
Killers,5.3,21
Killing Them Softly,6.2,64
Kindergarten Cop,6.0,61
King Arthur,6.3,46
King Kong,7.3,81
King Kong,7.3,81
Kingdom Come,5.6,48
Kingdom of Heaven,7.2,63
The Kingdom,7.1,56
Kingpin,6.9,43
The Kings of Appletown,,
King's Ransom,4.1,11
The Kings Speech,,
Kinsey,7.1,79
"Kiss Kiss, Bang Bang",,
Kiss of Death,5.9,
Kiss of the Dragon,6.6,58
Kiss the Bride,5.7,
Kiss the Girls,6.5,46
Kissing Jessica Stein,6.7,72
Kit Kittredge: An American Girl,6.7,63
The Kite Runner,7.6,61
Knight and Day,6.3,46
A Knight's Tale,6.9,54
Knock Off,4.7,37
Knockaround Guys,6.1,30
Knocked Up,7.1,85
Knowing,6.2,41
Koltchak,,
Konferenz der Tiere,,
Krrish,6.3,68
Krush Groove,6.6,
Kundun,7.0,74
Kung Fu Hustle,,
Kung Fu Panda,7.6,73
Kung Fu Panda 2,7.3,67
Kung Pow: Enter the Fist,6.2,14
Kurtlar vadisi - Irak,,
Zack and Miri Make a Porno,6.7,56
Zambezia,5.8,
Zathura,,
Zero Dark Thirty,7.4,95
Zero Effect,7.0,
Zodiac,7.7,78
Zombieland,7.7,73
Zombies of Mass Destruction,,
Zookeeper,5.2,30
Zoolander,6.6,61
Zoom,4.1,26
Zwartboek,,
U-571,6.6,62
U2 3D,,
The Ugly Truth,6.5,28
Ulee's Gold,7.1,77
The Ultimate Gift,7.4,49
Ultraviolet,4.4,18
Unaccompanied Minors,4.9,43
The Unborn,4.7,30
Unbreakable,7.2,62
Undead,5.6,34
Under Siege 2: Dark Territory,5.3,
Under the Rainbow,5.3,
Underclassman,3.9,19
Undercover Brother,5.8,69
Underworld,7.0,42
Underworld 3: Rise of the Lycans,6.6,44
Underworld: Awakening,6.4,39
Underworld: Evolution,6.8,36
Undiscovered,4.2,29
Undisputed,6.1,58
Die Unendliche Geschichte,,
Unfaithful,6.7,63
An Unfinished Life,7.1,49
Unforgettable,5.9,
Unforgiven,8.3,82
United 93,7.7,90
Universal Soldier II: The Return,,
Unknown,6.9,56
Unknown,6.9,56
Unstoppable,6.8,69
The Untouchables,8.0,79
Untraceable,6.2,32
Up,8.3,88
Up Close & Personal,6.0,
Up in the Air,7.5,83
The Upside of Anger,6.9,63
Urban Legend,5.4,35
Urban Legends: Final Cut,4.0,16
Urbania,7.0,73
The Usual Suspects,8.7,77
Haakon Haakonsen,,
Haevnen,,
Hairspray,6.8,81
Half Baked,6.7,16
Half Past Dead,4.5,23
Hall Pass,5.9,45
Halloween,6.1,47
Halloween,6.1,47
Halloween 2,,
Halloween 3: Season of the Witch,,
Halloween 4: The Return of Michael Myers,5.9,43
Halloween 5: The Revenge of Michael Myers,,
Halloween: H2O,,
Halloween II,4.9,
Halloween: Resurrection,4.0,19
Halloween:  The Curse of Michael Myers,,
Hamlet,7.8,
Hamlet,7.8,
Hamlet 2,6.4,54
Hancock,6.5,49
Hang 'em High,7.0,
Hanging Up,4.7,33
The Hangover 3,5.9,30
The Hangover Part II,6.5,44
The Hangover,7.8,73
Hanna,6.8,65
Hannah Montana the Movie,,
Hannah Montana/Miley Cyrus: Best of Both Worlds Concert Tour,,
Hannibal,6.7,57
Hannibal Rising,6.2,35
Hannibal the Conqueror,,
Hansel & Gretel: Witch Hunters,6.1,21
The Happening,5.1,34
Happily N'Ever After,4.5,28
Happiness,7.8,81
Happy Feet,6.5,77
Happy Feet Two,5.9,50
Happy Gilmore,7.0,31
"Happy, Texas",6.3,62
Hard Candy,7.2,58
A Hard Day's Night,7.7,96
Hard Rain,5.8,36
Hardball,,
Harley Davidson and the Marlboro Man,5.9,
Harold & Kumar Escape from Guantanamo Bay,6.7,57
Harold & Kumar Go to White Castle,7.2,64
Harriet the Spy,5.9,
Harrison Montgomery,7.4,
Harry Brown,7.3,55
Harry Potter and the Chamber of Secrets,7.3,63
Harry Potter and the Deathly Hallows: Part I,,
Harry Potter and the Deathly Hallows: Part II,,
Harry Potter and the Goblet of Fire,7.6,81
Harry Potter and the Half-Blood Prince,7.5,78
Harry Potter and the Order of the Phoenix,7.4,71
Harry Potter and the Prisoner of Azkaban,7.8,82
Harry Potter and the Sorcerer's Stone,7.4,64
Harsh Times,7.0,56
Hart's War,6.3,49
Harvard Man,4.9,49
A Haunted House 2,4.7,17
A Haunted House,5.0,20
The Haunting of Molly Hartley,3.8,28
The Haunting,4.8,
Hav Plenty,6.4,
Le Havre,7.2,82
Haywire,5.8,67
He Got Game,6.9,63
Head of State,5.3,44
Head Over Heels,5.3,27
Heartbeeps,4.2,
Heartbreakers,6.2,47
Hearts in Atlantis,6.9,55
The Heat,6.7,60
Heaven is for Real,5.7,47
Heavy Metal,6.7,
Hedwig and the Angry Inch,7.8,85
Heist,6.6,66
Held Up,5.0,21
Heli,6.9,59
The Helix...  Loaded,,
Hellboy,6.8,72
Hellboy 2: The Golden Army,,
Hellraiser,7.1,
The Help,8.1,62
The Helpers,,
Henry & Me,7.5,write review
Henry V,7.8,83
Her,8.1,90
Her Cry: La Llorona Investigation,4.6,
Les herbes folles,,
Herbie: Fully Loaded,,
Hercules,6.4,47
Hercules,6.4,47
Here Comes the Boom,6.5,40
Here on Earth,5.0,25
Hereafter,6.5,56
Hero,6.4,
Heroes,6.0,
He's Just Not That Into You,6.4,47
Hesher,7.1,45
Hey Arnold! The Movie,5.8,47
Hidalgo,6.6,54
Hidden Away,,
Hide and Seek,5.9,35
High Crimes,6.3,48
High Fidelity,7.6,79
High Plains Drifter,7.6,
High School Musical,,
High School Musical 3: Senior Year,4.2,57
High Tension,5.3,write review
Higher Ground,6.3,74
Highlander,7.2,24
Highlander: Endgame,4.5,21
Highlander III: The Sorcerer,,
Highway,7.7,40
The Hills Have Eyes II,5.1,32
The Hills Have Eyes,6.4,52
The Golden Compass,6.1,51
The History Boys,6.8,74
History of the World: Part I,6.9,
A History of Violence,7.5,81
Hit & Run,,
The Hit List,5.4,
Hitch,6.7,58
The Hitchhiker's Guide to the Galaxy,6.8,63
Hitman,6.3,35
The Hoax,6.7,70
The Hobbit: An Unexpected Journey,8.0,58
The Hobbit: The Battle of the Five Armies,,
The Hobbit: The Desolation of Smaug,8.1,66
Hobo with a Shotgun,6.1,55
Hocus Pocus,6.6,
The Hole,5.7,57
Holes,7.1,71
The Holiday,6.9,52
Hollow Man,5.7,24
Hollywood Ending,6.6,46
Hollywood Homicide,5.3,47
Holy Girl,,
Holy Man,4.8,41
Home Alone,7.4,63
Home Alone 2: Lost in New York,6.5,
A Home at the End of the World,6.8,59
Home for the Holidays,6.6,56
Home Fries,4.9,45
Home on the Range,5.4,50
Homefront,6.5,39
The Homesman,7.0,69
Honey,5.2,37
The Honeymooners,3.0,31
Hoodwinked,,
Hoodwinked Too: Hood vs. Evil,,
Hook,6.6,52
Hoop Dreams,,
Hoot,5.6,46
Hop,5.5,41
Hope Floats,5.8,42
Hope Springs,6.4,65
Horrible Bosses,6.9,57
The Horse Boy,,
The Horse Whisperer,6.5,65
Horton Hears a Who,,
The Host,5.9,35
Hostage,6.6,44
Hostel,5.8,55
Hostel: Part II,5.4,46
Hot Fuzz,7.9,81
Hot Rod,6.7,43
Hot Tub Time Machine,6.5,63
Hotel for Dogs,5.3,51
The Hotel New Hampshire,6.0,
Hotel Rwanda,8.2,79
Hotel Transylvania,7.1,47
The Hours,7.6,81
House at the End of the Street,5.6,31
The House Bunny,5.5,55
"House of 1,000 Corpses",,
House of D,7.0,33
House of Flying Daggers,,
The House of Magic,,
The House of Mirth,7.1,78
House of Sand and Fog,7.6,71
The House of the Dead,,
"House of the Devil, The",,
House of Wax,5.3,41
House on Haunted Hill,5.6,28
House Party 2,4.9,
Housebound,7.5,
Housefull,4.8,
How Do You Know?,,
How High,6.2,29
How She Move,3.1,63
How Stella Got Her Groove Back,5.4,56
How the Grinch Stole Christmas,5.9,46
How to Deal,5.6,45
How to Lose a Guy in 10 Days,6.3,45
How to Lose Friends & Alienate People,6.5,35
How to Train Your Dragon,8.2,74
How to Train Your Dragon 2,8.2,76
Howard the Duck,4.5,
The Howling,6.6,
Hudson Hawk,5.7,17
The Hudsucker Proxy,7.3,53
Hugo,7.6,83
Hulk,5.7,54
Hum to Mohabbt Karega,,
The Hunchback of Notre Dame,6.9,
The Hundred-Foot Journey,7.5,55
The Hunger Games: Catching Fire,7.8,75
The Hunger Games,7.3,67
The Hunt for Red October,7.6,58
The Hunted,6.0,40
Hurricane Streets,,
The Hurricane,7.5,74
The Hurt Locker,7.6,94
Le hussard sur le toit,,
Hustle & Flow,7.4,68
Hybrid,,
The R.M.,5.8,
R.V.,,
Rabbit Hole,7.0,76
Rabbit-Proof Fence,7.5,80
Race to Witch Mountain,5.7,52
Rachel Getting Married,6.7,82
Racing Stripes,5.2,43
Radio,6.9,38
Radio Days,7.6,
Radio Flyer,6.9,
The Rage: Carrie 2,4.5,42
Raging Bull,8.3,92
Raiders of the Lost Ark,,
Rain Man,8.0,65
The Rainmaker,7.1,72
Raise Your Voice,5.8,33
Raising Cain,5.9,
Raising Helen,6.0,38
Raising Victor Vargas,7.2,83
Ramanujan,8.1,write review
Rambo,7.1,46
Rambo: First Blood Part II,6.4,
Rambo III,5.6,36
Ramona and Beezus,6.7,56
Random Hearts,5.0,38
Rang De Basanti,,
Rango,7.3,75
Ransom,6.6,60
Rat Race,6.4,52
Ratatouille,8.0,96
The Raven,6.4,44
Ravenous,7.1,46
Ray,7.8,73
The Reader,7.6,58
Ready to Rumble,5.3,23
The Real Cancun,,
Real Steel,7.1,56
Real Women Have Curves,7.0,71
The Reaping,5.7,36
Rebecca,8.3,
Rebound,5.1,36
[Rec],7.5,
Recess: School's Out,6.5,43
Red,7.1,60
RED 2,6.7,47
Red Cliff,,
Red Dawn,5.5,31
Red Dragon,7.2,60
Red Eye,6.5,71
Red Planet,5.6,34
Red Riding Hood,5.4,29
The Red Riding Trilogy: 1974,,
Red Sonja,4.9,
Red State,6.2,50
Red Tails,5.9,46
Le Violon rouge,,
Redacted,6.2,52
Redbelt,6.8,69
Redemption Road,5.9,44
Reds,7.5,
The Reef,5.8,
Reign of Fire,6.2,39
Reign Over Me,7.5,61
Reindeer Games,5.7,37
Rejsen til Saturn,,
The Relic,5.7,55
Religulous,,
The Remains of the Day,7.9,84
Remember Me,7.2,40
"Remember Me, My Love",,
Remember the Titans,7.7,48
Renaissance Man,6.0,44
Rendition,6.8,55
Reno 911!: Miami,5.9,47
Rent,7.1,53
The Replacement Killers,6.1,42
The Replacements,6.5,30
Repo Man,6.9,75
Repo Men,6.3,32
Requiem for a Dream,8.4,68
Rescue Dawn,7.4,77
Resident Evil,6.7,33
Resident Evil: Afterlife 3D ,,
Resident Evil: Apocalypse,6.1,35
Resident Evil: Extinction,6.3,41
Resident Evil: Retribution,5.3,39
Restless,6.8,47
Restoration,6.7,
Resurrecting the Champ,6.8,55
Return of the Living Dead 3,,
Return of the Living Dead Part II,,
The Return of the Living Dead,7.3,
The Return,4.8,38
Return to Me,6.9,54
Return to Oz,6.7,42
Return to the Blue Lagoon,5.0,
Return to the Land of Wonders,,
Revolution#9,,
Revolutionary Road,7.4,69
Richard III,7.5,
Ri¢hie Ri¢h,5.1,
Riddick,6.4,49
Ride Along,6.1,41
Ride With the Devil,6.8,69
The Ridges,2.9,
Riding Giants,,
Riding in Cars with Boys,6.5,43
The Right Stuff,7.9,
Righteous Kill,6.0,36
The Ring,7.1,57
The Ring Two,5.3,44
Rio,7.0,63
Rio 2,6.4,49
R.I.P.D.,5.6,25
The Rise and Fall of Miss Thang,,
Rise of the Planet of the Apes,7.6,68
Rise of the Guardians,7.3,57
The Rite,6.0,38
The River Wild,6.3,
Rize,,
Road House,6.4,
The Road,7.3,64
The Road to El Dorado,6.8,51
The Road to Perdition,7.8,72
Road Trip,6.5,55
Roadside Romeo,5.2,
Rob Roy,6.9,55
Predators,6.4,51
Robin Hood,6.7,53
Robin Hood: Prince of Thieves,6.9,
RoboCop,6.3,52
RoboCop,6.3,52
RoboCop 3,3.8,
Robots,6.3,64
Rock of Ages,5.9,47
Rock Star,6.2,54
The Rock,7.4,59
Rockaway,4.5,
The Rocker,6.2,53
RocknRolla,7.3,53
Rocky Balboa,7.2,63
The Rocky Horror Picture Show,7.4,58
Roger & Me,,
Role Models,6.9,61
Roll Bounce,5.9,59
Rollerball,2.9,14
Romance and Cigarettes,,
Romeo+Juliet,,
Romeo Is Bleeding,6.6,
Romeo Must Die,6.0,52
Ronin,7.3,67
The Rookie,7.0,72
The Roommate,4.8,23
The Rose,6.9,
Rounders,7.4,54
The Royal Tenenbaums,7.6,75
Rudderless,7.2,64
Rugrats Go Wild,5.5,38
Rugrats in Paris,,
The Rugrats Movie,5.8,
The Ruins,5.9,44
The Rules of Attraction,6.8,50
Rules of Engagement,6.3,45
Rumble in the Bronx,,
"Run, Fatboy, Run",6.7,48
Run Lola Run,,
Runaway Bride,5.4,39
The Runaways,6.6,65
The Rundown,6.7,59
Runner Runner,5.6,36
The Running Man,6.6,
Running Scared,7.5,41
Running With Scissors,6.2,52
Rush,8.2,75
Rush Hour,6.9,60
Rush Hour 2,6.6,48
Rush Hour 3,6.2,44
Rushmore,7.8,86
Rust,5.8,
