N,a,n,c,y, ,J,u,v,o,n,e,n
A,l,e,x, ,O,r,l,o,v,s,k,y
G,a,v,i,n, ,P,o,l,o,n,e
J,u,s,t,i,n, ,T,o,l,l,e,y
J,o,h,n, ,K,r,a,s,i,n,s,k,i
C,a,m,e,r,o,n, ,M,a,c,k,i,n,t,o,s,h
J,o,s,h,u,a, ,O,v,e,r,b,a,y
K,e,i,t,h, ,V,a,n,d,e,r,l,a,a,n
J,o,h,n, ,W,a,t,s,o,n
N,i,c,k, ,S,w,a,r,d,s,o,n
Z,a,n,n, ,D,e,v,i,n,e
C,h,r,i,s,t,o,p,h,e,r, ,G,o,d,s,i,c,k
R,o,b,e,r,t, ,L,., ,L,e,v,y
G,a,r,e,t,h, ,U,n,w,i,n
R,e,m,i,n,g,t,o,n, ,C,h,a,s,e
B,r,i,d,g,e,t, ,J,o,h,n,s,o,n
S,t,e,p,h,e,n, ,M,c,E,v,e,e,t,y
A,n,t,h,o,n,y, ,B,r,e,g,m,a,n
D,a,v,i,d, ,G,e,f,f,e,n
S,h,a,u,n,a, ,R,o,b,e,r,t,s,o,n
M,a,r,s,h,a, ,G,a,r,c,e,s, ,W,i,l,l,i,a,m,s
V,i,n,c,e,n,t, ,N,e,w,m,a,n
M,a,r,k, ,H,u,f,f,a,m
G,r,a,h,a,m, ,M,o,l,o,y
R,e,i,d, ,C,a,r,o,l,i,n
J,o,n,a,h, ,H,i,l,l
G,e,o,r,g,e, ,N,o,l,f,i
C,h,r,i,s,t,i, ,D,e,m,b,r,o,w,s,k,i
J,o,n, ,R,u,b,i,n,s,t,e,i,n
J,e,r,r,y, ,S,e,i,n,f,e,l,d
P,a,r,k, ,C,h,a,n,-,w,o,o,k
D,a,n,n,y, ,D,e, ,V,i,t,o
D,e,b,r,a, ,H,a,y,w,a,r,d
J,u,d,i,e, ,G,., ,H,o,y,t
W,i,l,l,i,a,m, ,H,o,r,b,e,r,g
S,a,r,a,h, ,R,y,a,n, ,B,l,a,c,k
W,y,c,k, ,G,o,d,f,r,e,y
D,a,v,i,d, ,L,a,n,c,a,s,t,e,r
F,r,a,n, ,W,a,l,s,h
J,o,s,h, ,S,c,h,w,a,r,t,z
A,n,d,y, ,V,a,j,n,a
J,a,m,e,s, ,K,e,a,c,h
G,u,s, ,V,a,n, ,S,a,n,t
D,a,v,i,d, ,M,a,n,d,e,l
A,l,a,n, ,S,i,e,g,e,l
D,e,b,b,i,e, ,A,l,l,e,n
M,a,r,k, ,L,a,z,a,r,u,s
B,r,e,t,t, ,R,a,t,n,e,r
F,r,a,n,k, ,S,i,r,a,c,u,s,a
K,e,r,r,y, ,F,o,s,t,e,r
S,t,e,p,h,a,n,i,e, ,S,a,v,a,g,e
C,r,a,i,g, ,B,e,r,e,n,s,o,n
A,l,l,o,n, ,R,e,i,c,h
D,a,n,n,y, ,B,o,y,l,e
S,i,d, ,G,a,n,i,s
J,a,c,k, ,B,i,n,d,e,r
S,a,m, ,R,a,i,m,i
M,i,k,e, ,M,y,e,r,s
D,e,a,n, ,V,a,n,e,c,h
C,r,a,i,g, ,C,h,a,p,m,a,n
G,r,e,g, ,O, ,C,o,n,n,o,r
S,i,m,o,n, ,O,a,k,s
B,e,n, ,S,m,i,t,h
S,c,o,t,t, ,W,i,l,l,i,a,m, ,A,l,v,a,r,e,z
P,a,t,r,i,c,k, ,R,i,z,z,o,t,t,i
L,a,w,r,e,n,c,e, ,M,a,r,k
M,a,r,c, ,S,a,m,u,e,l,s,o,n
A,d,a,m, ,H,e,r,z
P,i,l,a,r, ,S,a,v,o,n,e
W,h,i,t,n,e,y, ,H,o,u,s,t,o,n
G,r,a,h,a,m, ,B,r,o,a,d,b,e,n,t
A,n,d,r,e,w, ,S,., ,K,a,r,s,c,h
M,a,r,k, ,O, ,K,e,e,f,e
W,a,l,t, ,B,e,c,k,e,r
L,o,u,i,s, ,A,., ,S,t,r,o,l,l,e,r
J,o,n, ,B,e,r,g
S,a,n,d,r,a, ,R,a,b,i,n,s
N,i,c,h,o,l,a,s, ,S,p,a,r,k,s
E,m,j,a,y, ,R,e,c,h,s,t,e,i,n,e,r
J,o,h,n,n,y, ,D,e,p,p
S,t,u,a,r,t, ,B,e,n,j,a,m,i,n
A,i,m,e,e, ,P,e,y,r,o,n,n,e,t
J,o,h,n, ,A,g,i,a,l,o,r,o
G,i,o,v,a,n,n,i, ,B,e,r,t,o,l,u,c,c,i
J,a,m,e,s, ,D,a,n,i,e,l, ,W,i,l,s,o,n
B,a,r,b,e,t, ,S,c,h,r,o,e,d,e,r
T,y,l,e,r, ,D,a,v,i,d,s,o,n
O,l,y, ,O,b,s,t
C,h,a,r,l,e,s, ,G,o,r,d,o,n
B,r,i,a,n, ,R,o,g,e,r,s
N,i,c,k, ,P,a,r,k
J,o,h,n,n,y, ,K,n,o,x,v,i,l,l,e
K,u,r,t, ,W,i,m,m,e,r
G,i,n,a, ,K,w,o,n
R,o,b,y,n, ,K,e,r,s,h,a,w
T,r,i,p,p, ,V,i,n,s,o,n
M,a,u,r,i,z,i,o, ,L,o,d,i,-,F,e
D,a,n,t,e, ,D,i, ,L,o,r,e,n,t,o
R,u,s,s, ,R,i,c,e
L,a,u,r,a, ,B,i,c,k,f,o,r,d
D,a,v,i,d, ,S,p,r,o,x,t,o,n
I,g,n,a,s,i, ,E,s,t,a,p,e
S,t,e,v,e,n, ,N,a,m
A,l,e,x,a,n,d,r,e, ,A,j,a
K,e,v,i,n, ,M,c,C,o,r,m,i,c,k
D,a,n, ,M,a,z,e,r
D,e,b,o,r,a,h, ,S,c,h,i,n,d,l,e,r
B,a,r,r,y, ,L,e,v,i,n,e
S,t,e,v,e, ,T,r,a,x,l,e,r
S,a,m,u,e,l, ,H,a,d,i,d,a
L,u,k,e, ,C,a,r,r,o,l,l
J,e,r,r,y, ,Z,u,c,k,e,r
P,e,t,e,r, ,F,a,r,r,e,l,l,y
J,a,m,i,e, ,P,a,t,r,i,c,o,f
G,u,i,l,l,e,r,m,o, ,D,e,l, ,T,o,r,o
A,n,d,r,e,w, ,Z,., ,D,a,v,i,s
S,t,e,v,e, ,J,., ,W,o,l,f,e
J,o,e,l, ,S,i,l,v,e,r
G,u,y, ,O,s,e,a,r,y
M,a,r,t,i,n, ,B,r,o,w,n
D,o,u,g, ,C,l,a,y,b,o,u,r,n,e
D,o,n, ,G,r,a,n,g,e,r
D,a,v,i,d, ,Z,e,l,o,n
A,l,l,i,s,o,n, ,T,h,o,m,a,s
L,a,u,r,a, ,Z,i,s,k,i,n
A,l,e,c, ,B,e,r,g
K,i,m, ,M,c,C,r,a,w
T,o,n,y, ,G,a,y,t,o,n
D,i,n,o, ,D,e, ,L,a,u,r,e,n,t,i,i,s
P,a,t,r,i,c,k, ,C,r,o,w,l,e,y
L,y,n,n, ,H,a,r,r,i,s
S,y,d,n,e,y, ,P,o,l,l,a,c,k
N,a,t,a,l,i,e, ,P,o,r,t,m,a,n
A,m,i,r, ,D,e,l,a,r,a
I,a,i,n, ,S,o,f,t,l,e,y
R,i,c,h,a,r,d, ,S,., ,W,r,i,g,h,t
R,o,c,k,y, ,L,a,n,g
E,l,i,z,a,b,e,t,h, ,H,u,n,t,e,r
C,h,r,i,s, ,B,r,i,g,g,s
T,a,t,i,a,n,a, ,v,o,n, ,F,u,r,s,t,e,n,b,e,r,g
C,h,r,i,s, ,B,., ,M,o,o,r,e
H,o,w,a,r,d, ,A,., ,K,l,a,u,s,n,e,r
A,n,a,n,t, ,S,i,n,g,h
J,o,n, ,T,u,r,t,e,l,t,a,u,b
L,i,n,d,a, ,M,o,r,a,n
T,o,m, ,S,t,e,r,n,b,e,r,g
S,t,e,v,e, ,M,c,Q,u,e,e,n
P,a,u,l, ,J,u,n,g,e,r, ,W,i,t,t
D,e,n,i,s,e, ,M,a,n,n
D,o,u,g,l,a,s, ,S,c,h,w,a,r,t,z
E,r,i,c, ,T,a,n,n,e,n,b,a,u,m
S,t,e,v,e, ,W,a,t,e,r,m,a,n
M,a,r,k, ,G,o,r,d,o,n
M,a,r,s,h,a, ,O,g,l,e,s,b,y
C,h,a,r,l,o,t,t,e, ,H,u,g,g,i,n,s
T,i,m, ,S,a,n,d,e,r,s
S,t,e,v,e, ,C,o,o,g,a,n
S,c,o,t,t, ,M,e,d,n,i,c,k
E,d,w,a,r,d, ,S,., ,F,e,l,d,m,a,n
S,t,e,v,e,n, ,R,e,u,t,h,e,r
J,e,n,n,o, ,T,o,p,p,i,n,g
J,a,n,e, ,S,c,o,t,t
S,u,s,a,n, ,C,a,r,t,s,o,n,i,s
A,l,i,s,o,n, ,G,r,e,e,n,s,p,a,n
P,a,u,l, ,W,a,g,n,e,r
T,o,m, ,S,h,a,d,y,a,c
T,o,b,y, ,J,a,f,f,e
A,m,y, ,R,o,b,i,n,s,o,n
J,o,h,n, ,H,u,g,h,e,s
G,i,a,n,n,i, ,N,u,n,n,a,r,i
A,., ,K,i,t,m,a,n, ,H,o
S,i,s,s,e, ,G,r,a,u,m, ,J,o,r,g,e,n,s,e,n
M,a,r,k, ,R,a,d,c,l,i,f,f,e
S,a,m,u,e,l, ,L,., ,J,a,c,k,s,o,n
M,e,l,i,s,s,a, ,M,c,C,a,r,t,h,y
G,i,l,b,e,r,t, ,A,d,l,e,r
A,l,e,x,i,s, ,F,r,i,d,m,a,n
C,h,a,r,l,e,s, ,F,l,o,y,d, ,J,o,h,n,s,o,n
K,a,t,h,l,e,e,n, ,K,e,n,n,e,d,y
J,o,n,a,t,h,a,n, ,S,c,h,w,a,r,t,z
K,i,t, ,G,o,l,d,e,n
M,i,k,e, ,B,e,r,g
E,d,w,a,r,d, ,W,a,l,s,o,n
P,e,t,e,r, ,S,a,f,r,a,n
C,o,l,i,n, ,T,r,e,v,o,r,o,w
A,d,a,m, ,S,c,h,r,o,e,d,e,r
B,a,r,r,y, ,M,e,n,d,e,l
G,u,y, ,E,a,s,t
R,i,c,h,a,r,d, ,I,n,g,b,e,r
A,n,t,h,o,n,y, ,S,i,l,v,e,r,s,t,o,n
W,i,l,l, ,F,e,r,r,e,l,l
S,v,e,i,n,u,n,g, ,G,o,l,i,m,o
G,a,r,y, ,F,o,s,t,e,r
L,a,u,r,e,n,c,e, ,M,a,r,k
A,a,r,o,n, ,R,y,d,e,r
L,i,a,n,n,e, ,H,a,l,f,o,n
M,i,k,e, ,N,i,c,h,o,l,s
J,a,s,o,n, ,L,., ,P,o,l,l,a,r,d
P,h,i,l,i,p,p,a, ,B,o,y,e,n,s
M,i,k,e, ,M,e,d,a,v,o,y
R,i,c,h,a,r,d, ,N,., ,G,l,a,d,s,t,e,i,n
S,a,m,u,e,l, ,G,o,l,d,w,y,n,",", ,J,r,.
D,a,v,i,d, ,W,a,i,n
P,a,u,l, ,M,o,n,e,s
J,o,h,n, ,G,r,i,s,h,a,m
R,o,b, ,T,a,p,e,r,t
B,a,z, ,L,u,h,r,m,a,n,n
N,i,c,h,o,l,a,s, ,S,h,u,m,a,k,e,r
A,l,b,e,r,t, ,B,e,r,g,e,r
B,a,r,r,o,n, ,K,i,d,d
N,i,c,k, ,W,e,c,h,s,l,e,r
D,a,n,i,e,l, ,G,o,l,d,b,e,r,g
P,a,t,r,i,c,k, ,W,a,c,h,s,b,e,r,g,e,r
B,r,y,c,e, ,S,o,u,t,h,a,r,d
M,i,c,h,a,e,l, ,S,u,g,e,r
A,l,l,a,n, ,M,o,l,o,n,e,y
C,l,a,i,r,e, ,J,o,n,e,s
F,l,o,r,a, ,F,e,r,n,a,n,d,e,z,-,M,a,r,e,n,g,o
M,i,m,i, ,R,o,g,e,r,s
J,o,n,a,t,h,a,n, ,V,a,n,g,e,r
M,a,r,t,i,n, ,P,o,p,e
F,a,x, ,B,a,h,r
J,o,h,n, ,C,a,l,l,e,y
A,l,e,x, ,Y,o,u,n,g
J,e,f,f, ,B,a,i,l,i,s
M,o,l,l,y, ,M,i,c,k,l,e,r, ,S,m,i,t,h
M,i,c,h,a,e,l, ,P,h,i,l,l,i,p,s
R,a,n,d,a,l,l, ,W,a,l,l,a,c,e
P,i,e,t,e,r, ,J,a,n, ,B,r,u,g,g,e
B,i,l,l, ,W,i,t,t,l,i,f,f
R,o,l,a,n,d, ,J,o,f,f,e
W,a,r,r,e,n, ,Z,i,d,e
E,t,i,e,n,n,e, ,C,o,m,a,r
D,e,m,i, ,M,o,o,r,e
K,e,v,i,n, ,T,u,r,e,n
J,e,s,s,i,c,a, ,W,u
C,a,m,e,r,o,n, ,C,r,o,w,e
B,o,b, ,W,e,i,n,s,t,e,i,n
T,i,m, ,B,u,r,t,o,n
J,o,h,n, ,T,h,o,m,s,o,n
G,e,r,a,r,d,o, ,H,e,r,r,e,r,o
B,r,i,t, ,M,a,r,l,i,n,g
H,e,l,e,n, ,E,s,t,a,b,r,o,o,k
S,i,m,o,n, ,C,o,w,e,l,l
D,e,r,e,k, ,A,n,d,e,r,s,o,n
S,e,a,n, ,D,a,n,i,e,l
B,r,i,a,n, ,G,o,l,d,n,e,r
V,i,n,c,e,n,t, ,M,a,r,a,v,a,l
P,a,m,e,l,a, ,L,y,n,n, ,F,i,e,l,d,e,r
D,a,r,r,e,n, ,A,r,o,n,o,f,s,k,y
H,., ,G,a,l,e,n, ,W,a,l,k,e,r
L,a,i,l,a, ,N,a,b,u,l,s,i
C,h,a,n,n,i,n,g, ,T,a,t,u,m
S,t,e,p,h,e,n, ,L,e,v,i,n,s,o,n
J,o,n, ,P,e,t,e,r,s
J,a,m,e,s, ,C,a,m,e,r,o,n
P,e,t,e, ,C,z,e,r,n,i,n
L,e,e, ,G,o,t,t,s,e,g,e,n
S,c,o,t,t, ,F,r,a,n,k,l,i,n
W,i,n, ,S,h,e,r,i,d,a,n
P,a,c,o, ,G,a,l,l,a,s,t,e,g,u,i
M,e,t,a, ,L,o,u,i,s,e, ,F,o,l,d,a,g,e,r
B,a,r,r,y, ,B,a,e,r,e,s
N,a,t,e, ,T,u,c,k
T,a,t,i,a,n,a, ,K,e,l,l,y
P,a,u,l, ,G,o,n,g,a,w,a,r,e
F,a,r, ,S,h,a,r,i,a,t
O,r,e,n, ,P,e,l,i
R,o,b,e,r,t, ,S,i,m,o,n,d,s
H,a,l, ,L,i,e,b,e,r,m,a,n
M,i,c,h,a,e,l, ,A,g,u,i,l,a,r
D,a,n, ,F,a,r,a,h
P,e,t,e,r, ,W,e,i,r
B,o,b, ,G,o,r,d,o,n
K,a,t,h,e,r,i,n,e, ,S,a,r,a,f,i,l,m
R,o,b,e,r,t, ,R,e,h,m,e
A,g,n,e,s, ,M,e,n,t,r,e
C,h,e,r,i,e, ,S,a,u,l,t,e,r
J,o,s,h, ,M,o,n,d
R,i,c,h,a,r,d, ,J,a,c,k,s,o,n
M,a,r,t,h,a, ,D,e, ,L,a,u,r,e,n,t,i,i,s
O,l,i,v,i,e,r, ,D,e,l,b,o,s,c
J,e,r,e,m,y, ,C,h,i,l,n,i,c,k
G,a,v,i,n, ,O,',C,o,n,n,o,r
P,., ,J,e,n,n,i,f,e,r, ,D,a,n,a
W,a,l,t,e,r, ,v,o,n, ,B,o,r,s,t,e,l,y
C,o,r,e,y, ,M,o,o,s,a
T,o,m, ,D,e,S,a,n,t,o
D,a,n,i,e,l, ,L,u,p,i
L,i,s,a, ,M,a,r,i,e, ,F,a,l,c,o,n,e
D,i,a,n,a, ,R,a,t,h,b,u,n
M,i,c,h,a,e,l, ,N,o,z,i,k
J,e,f,f, ,B,r,i,d,g,e,s
S,t,e,p,h,a,n,i,e, ,A,u,s,t,i,n
B,i,l,l, ,M,e,c,h,a,n,i,c
G,a,r,y, ,G,o,e,t,z,m,a,n
H,a,r,a,l,d, ,K,l,o,s,e,r
M,o,l,l,y, ,H,a,s,s,e,l,l
M,a,r,c, ,T,u,r,t,l,e,t,a,u,b
L,e,e, ,D,a,n,i,e,l,s
J,a,k,e, ,K,a,s,d,a,n
D,i,a,n,a, ,O,s,s,a,n,a
G,r,e,g, ,S,h,a,p,i,r,o
J,o,n, ,S,h,e,s,t,a,c,k
T,e,r,r,y, ,G,i,l,l,i,a,m
M,a,g,g,i,e, ,R,e,n,z,i
R,o,s,s, ,B,a,g,d,a,s,a,r,i,a,n
C,e,c,i,l, ,K,r,a,m,e,r
H,o,w,a,r,d, ,K,a,m,i,n,s,k,y
B,a,r,b,a,r,a, ,M,u,s,c,h,i,e,t,t,i
C,r,a,i,g, ,Z,a,d,a,n
A,r,n,o,l,d, ,R,i,f,k,i,n
S,t,e,v,e, ,T,a,y,l,o,r
B,u,d,d,y, ,P,a,t,r,i,c,k
H,o,w,a,r,d, ,K,a,z,a,n,j,i,a,n
V,a,l,e,r,i,e, ,E,n,l,o,e
B,r,y,a,n, ,B,u,r,k
J,a,s,o,n, ,B,a,t,e,m,a,n
G,e,o,r,g,e, ,C,l,o,o,n,e,y
J,o,n, ,M,., ,C,h,u
G,a,r,y, ,O,l,d,m,a,n
R,i,c,k, ,M,c,C,a,l,l,u,m
M,e,g,a,n, ,E,l,l,i,s,o,n
B,o,b,b,y, ,F,a,r,r,e,l,l,y
S,c,o,t,t, ,S,a,n,d,e,r,s
T,o,m, ,E,n,g,e,l,m,a,n
B,r,i,a,n, ,F,a,l,k
M,a,t,t, ,T,o,l,m,a,c,h
M,i,c,h,a,e,l, ,B,e,n,d,e,r
R,o,b,i,n, ,W,i,l,l,i,a,m,s
G,e,o,r,g,e, ,M,i,l,l,e,r
A,l,e,x,a,n,d,e,r, ,P,a,y,n,e
M,a,r,c, ,L,i,b,e,r,t
J,u,l,i,a, ,R,., ,S,n,y,d,e,r
S,e,t,h, ,M,a,c,F,a,r,l,a,n,e
S,u,n,i,l, ,P,e,r,k,a,s,h
B,r,u,c,e, ,D,a,v,e,y
D,a,v,i,d, ,W,i,n,k,l,e,r
J,o,h,n, ,L,a,n,d,i,s
J,o,h,n, ,H,a,m,b,u,r,g
T,o,b,i,n, ,A,r,m,b,r,u,s,t
R,o,s,s, ,R,i,c,h,i,e
S,t,e,v,e,n, ,J,o,b,s
B,a,r,r,y, ,B,e,r,n,a,r,d,i
L,e,e, ,S,t,o,l,l,m,a,n
E,d,w,a,r,d, ,',E,-,D,u,b,', ,R,i,o,s
L,i,n,d,s,e,y, ,D,o,r,a,n
E,l,i,z,a,b,e,t,h, ,K,a,r,l,s,e,n
G,e,r,a,l,d, ,R,., ,M,o,l,e,n
B,o,b,b,y, ,C,o,h,e,n
J,o,e, ,C,a,r,n,a,h,a,n
C,a,t,h,y, ,K,o,n,r,a,d
G,a,r,y, ,S,a,f,a,d,y
S,t,a,n,l,e,y, ,K,u,b,r,i,c,k
D,a,v,i,d, ,F,o,s,t,e,r
M,a,l,c,o,l,m, ,D,., ,L,e,e
T,a,y,l,o,r, ,H,a,c,k,f,o,r,d
C,h,r,i,s,t,o,p,h,e,r, ,N,o,l,a,n
M,a,r,k, ,D, ,E,v,a,n,s
J,e,n,n,i,f,e,r, ,T,o,d,d
D,a,v,i,d, ,W,i,l,l,i,s
L,a,r,a, ,B,r,e,a,y
C,a,r,o,l,y,n,n,e, ,C,u,n,n,i,n,g,h,a,m
B,r,u,c,e, ,M,a,c,d,o,n,a,l,d
I,n,d,i,a, ,O,s,b,o,r,n,e
A,n,d,r,e,w, ,E,a,t,o,n
J,o,h,n, ,M,a,l,k,o,v,i,c,h
S,t,e,p,h,e,n, ,N,e,m,e,t,h
C,h,r,i,s,t,i,a,n, ,B,e,c,k,e,r
A,d,a,m, ,B,o,h,l,i,n,g
M,a,r,i,o, ,I,s,c,o,v,i,c,h
K,e,v,i,n, ,K,i,n,g,-,T,e,m,p,l,e,t,o,n
J,o,e, ,R,o,t,h
A,n,d,r,e,a,s, ,K,l,e,i,n
K,e,n, ,M,a,r,i,n,o
D,a,n,a, ,O,f,f,e,n,b,a,c,h
E,d, ,C,a,t,h,e,l,l, ,I,I,I
C,h,r,i,s,t,o,p,h,e,r, ,P,e,t,z,e,l
D,a,n,i,e,l,l,e, ,S,t,o,k,d,y,k
S,t,e,v,e, ,H,a,m,i,l,t,o,n, ,S,h,a,w
G,a,i,l, ,K,a,t,z
S,t,e,v,e, ,B,o,w,e,n
M,a,r,t,i,n, ,R,i,c,h,a,r,d,s
D,a,v,i,d, ,G,a,l,e
E,m,m,a, ,K,o,s,k,o,f,f
D,a,m,o,n, ,L,i,n,d,e,l,o,f
A,n,d,r,e,w, ,O,',C,o,n,n,o,r
A,d,a,m, ,M,i,l,a,n,o
A,l,l,e,n, ,S,h,a,p,i,r,o
B,r,i,a,n, ,H,e,l,g,e,l,a,n,d
T,y,l,e,r, ,M,c,G,e,e
S,i,d, ,S,h,e,i,n,b,e,r,g
R,i,c,h,a,r,d, ,B,., ,L,e,w,i,s
J,a,s,o,n, ,F,r,i,e,d,b,e,r,g
P,a,u,l, ,S,c,h,i,f,f
K,a,r,i,n, ,C,h,e,i,n
R,a,c,h,e,l, ,W,i,n,t,e,r
J,o,n,a,t,h,a,n, ,M,i,t,c,h,e,l,l
A,l,i,c,i,a, ,S,a,m,s
J,o,n,a,h, ,S,m,i,t,h
J,a,n,e,t, ,Y,a,n,g
P,a,u,l, ,T,a,m,a,s,y
D,a,v,i,d, ,H,o,u,s,e,h,o,l,t,e,r
J,.,J,., ,A,b,r,a,m,s
C,a,t,h,e,r,i,n,e, ,P,a,u,r,a
A,l,b,e,r,t, ,S,., ,R,u,d,d,y
J,a,y, ,V,a,n, ,H,o,y
K,i,r,k, ,B,o,d,y,f,e,l,t
K,e,a,t,o,n, ,W,o,o,d,e,n
V,i,r,g,i,n,i,e, ,B,e,s,s,o,n,-,S,i,l,l,a
C,h,a,r,l,e,s, ,F,e,r,g,u,s,o,n
A,r,i,e,l, ,Z,e,i,t,o,u,n
M,i,c,h,a,e,l, ,D,., ,O,l,m,o,s
P,e,t,e,r, ,F,r,a,n,k,f,u,r,t
B,r,a,d, ,L,e,w,i,s
D,a,n,a, ,B,r,u,n,e,t,t,i
H,u,n,t, ,L,o,w,r,y
M,o,r,g,a,n, ,S,p,u,r,l,o,c,k
A,u,d,r,e,y, ,M,a,r,r,s
S,y,l,v,e,s,t,e,r, ,S,t,a,l,l,o,n,e
G,r,a,n,t, ,C,u,r,t,i,s
D,a,v,i,d, ,T,h,w,a,i,t,e,s
L,o,r,n,e, ,M,i,c,h,a,e,l,s
K,r,i,s,t,i,a,n, ,J,a,m,e,s, ,A,n,d,r,e,s,e,n
M,a,r,k, ,O,r,d,e,s,k,y
S,a,m, ,M,e,n,d,e,s
A,n,d,r,e,w, ,W,a,l,d
N,e,a,l, ,M,., ,M,o,r,i,t,z
R,o,g,e,r, ,M,., ,B,o,b,b
P,a,t,t,y, ,W,o,o,t,o,n
G,a,r,y, ,L,u,c,c,h,e,s,i
A,n,n,a, ,Z,i,e,l,i,n,s,k,i
D,a,n,i,e,l, ,C,l,a,r,k,e
S,t,e,v,e, ,T,i,s,c,h
C,h,r,i,s, ,M,o,o,r,e
E,l,i,z,a,b,e,t,h, ,T,r,a,v,i,s
P,e,t,e,r, ,G,u,b,e,r
M,o,l,l,y, ,B,e,r,n,s,t,e,i,n
I,c,e, ,C,u,b,e
C,h,a,r,l,e,s, ,S,t,e,e,l
J,o,o,i,c,k, ,L,e,e
B,r,o,t,h,e,r,s, ,S,t,r,a,u,s,e
S,t,e,p,h,e,n, ,W,o,o,l,l,e,y
J,a,n,e, ,S,i,n,d,e,l,l
K,a,t,r,i,n,a, ,M,a,t,u,s,e,k
P,e,t,e,r, ,S,a,r,a,f
M,a,r,k, ,M,a,n,u,e,l
M,i,c,h,a,e,l, ,J,o,h,n, ,F,e,d,u,n
J,o,r,d,a,n, ,W,y,n,n
C,a,r,l, ,M,a,z,z,o,c,o,n,e
J,o,r,d,a,n, ,S,c,h,u,r
G,l,e,n,d,o,n, ,P,a,l,m,e,r
N,i,g,e,l, ,S,i,n,c,l,a,i,r
J,u,s,t,i,n, ,B,i,e,b,e,r
B,r,a,d,l,e,y, ,T,h,o,m,a,s
R,a,l,p,h, ,W,i,n,t,e,r
R,o,m,a,n, ,P,o,l,a,n,s,k,i
F,r,a,n,k, ,M,a,n,c,u,s,o,",", ,J,r,.
D,a,n, ,L,a,u,t,n,e,r
R,i,c, ,K,i,d,n,e,y
J,o,s,e,p,h, ,F,a,r,r,e,l,l
S,t,e,v,e,n, ,G,r,e,e,n,e,r
J,o,h,n, ,M,e,l,f,i
S,a,r,a, ,W,o,o,d,h,a,t,c,h
G,e,o,r,g,e, ,L,a,s,c,u
T,y,l,e,r, ,P,e,r,r,y
J,o,y, ,G,o,r,m,a,n, ,W,e,t,t,e,l,s
S,t,e,v,e, ,K,o,r,e,n
D,o,u,g, ,D,a,v,i,s,o,n
M,a,r,k, ,S,o,u,r,i,a,n
M,a,r,t,i,n, ,M,c,D,o,n,a,g,h
S,t,e,v,e, ,R,i,c,h,a,r,d,s
D,a,v,i,d, ,L,i,p,m,a,n
A,n,d,r,e,w, ,S,u,g,e,r,m,a,n
M,a,r,t,y, ,K,a,t,z
V,i,c,t,o,r, ,T,e,r,a,n
P,a,u,l, ,Y,o,u,n,g
R,a,v,i, ,M,e,h,t,a
P,a,u,l, ,L,o,w,i,n
E,d,w,i,n, ,C,a,t,m,u,l,l
S,t,e,p,h,a,n,i,e, ,L,a,n,g,h,o,f,f
A,b,b,i,e, ,H,u,r,e,w,i,t,z
L,i,s,a, ,W,e,i,n,s,t,e,i,n
G,i,l, ,N,e,t,t,e,r
D,a,v,i,d, ,H,o,b,e,r,m,a,n
J,a,m,e,s, ,V,a,n,d,e,r,b,i,l,t
J,e,r,e,m,y, ,T,h,o,m,a,s
J,o,h,n, ,A,g,l,i,a,l,o,r,o
P,a,u,l, ,H,a,n,s,o,n
A,d,a,m, ,D,e,r, ,A,r,i,s
E,r,i,c, ,G,i,t,t,e,r
K,a,r,e,n, ,R,o,b,e,r,t, ,J,a,c,k,s,o,n
A,l,b,e,r,t, ,R,., ,B,r,o,c,c,o,l,i
D,a,v,i,d, ,Z,u,c,k,e,r
J,a,m,e,s, ,J,a,c,k,s
B,o,b, ,E,n,g,l,e,m,a,n
S,c,o,t,t, ,S,t,e,i,n,d,o,r,f,f
M,e,r,c,e,d,e,s, ,G,a,m,e,r,o
P,a,u,l,a, ,M,a,z,u,r
S,a,r,a,h, ,B,o,w,e,n
D,u,t,c,h, ,H,o,f,s,t,e,t,t,e,r
J,u,d,y, ,C,r,a,y,m,e,r
M,a,t,t, ,J,o,h,n,s,o,n
A,n,d,r,e,w, ,C,o,s,b,y
F,e,r,n,a,n,d,o, ,B,o,v,a,i,r,a
R,o,b, ,T,h,o,m,a,s
L,y,n,n, ,H,e,n,d,e,e
R,u,s,s,e,l,l, ,C,r,o,w,e
M,i,k,e, ,W,h,i,t,e
M,i,t,c,h,e,l,l, ,P,e,c,k
G,i,o,v,a,n,n,i, ,A,g,n,e,l,l,i
R,o,b,e,r,t, ,L,a,n,t,o,s
D,a,v,i,d, ,B,a,r,r,o,n
R,i,c,h,a,r,d, ,A,t,t,e,n,b,o,r,o,u,g,h
B,e,r,n,i,e, ,G,o,l,d,m,a,n,n
J,u,l,e,s, ,D,a,l,y
J,i,m, ,T,a,y,l,o,r
C,l,a,r,k, ,S,p,e,n,c,e,r
T,o,d,d, ,S,c,h,u,l,m,a,n
S,i,g,u,r,j,o,n, ,S,i,g,h,v,a,t,s,s,o,n
D,e,n,i,s,e, ,R,e,a,m
B,a,r,r,i,e, ,O,s,b,o,r,n,e
K,a,r,e,n, ,R,o,s,e,n,f,e,l,t
R,u,t,h, ,W,a,l,d,b,u,r,g,e,r
M,a,r,y,k,a,y, ,P,o,w,e,l,l
K,e,v,i,n, ,F,e,i,g,e
J,o,h,n, ,S,i,n,g,l,e,t,o,n
J,e,a,n, ,D,o,u,m,a,n,i,a,n
D,e,d,e, ,G,a,r,d,n,e,r
N,o,e, ,G,a,s,p,a,r
H,a,r,r,y, ,J,., ,U,f,l,a,n,d
A,n,n,e, ,W,a,l,k,e,r,-,M,c,B,a,y
A,l,f,o,n,s,o, ,C,u,a,r,รณ,n
M,i,c,h,a,e,l, ,B,o,u,g,h,e,n
S,o,p,h,o,k,l,e,s, ,T,a,s,i,o,u,l,i,s
A,r,n,o,l,d, ,K,o,p,e,l,s,o,n
A,v,i, ,L,e,m,e,r
M,i,c,h,a,e,l, ,M,a,h,o,n,e,y
D,a,n, ,C,u,t,f,o,r,t,h
R,o,b,e,r,t, ,F,., ,C,o,l,e,s,b,e,r,r,y
J,o,h,n,n,y, ,L,i,n
R,o,b,e,r,t, ,L,e,g,e,r
K,a,t,h,r,y,n, ,B,i,g,e,l,o,w
D,a,n, ,H,a,l,s,t,e,d
P,h,i,l,i,p, ,S,t,e,u,e,r
T,r,a,c,i, ,B,a,l,t,h,a,z,o,r,-,F,l,y,n,n
A,l, ,J,e,a,n
D,a,v,i,d, ,F,u,r,n,i,s,h
M,a,r,k, ,J,o,h,n,s,o,n
C,a,r,l,y, ,H,u,g,o
C,a,t,h,e,r,i,n,e, ,M,a,r,t,i,n
D,e,n,i,s,e, ,N,o,l,a,n, ,C,a,s,c,i,n,o
H,u,t,c,h, ,P,a,r,k,e,r
I,r,w,i,n, ,W,i,n,k,l,e,r
M,a,t,t,h,e,w, ,W,e,a,v,e,r
J,u,s,t,i,n, ,S,p,r,i,n,g,e,r
T,o,n,y, ,A,l,l,a,r,d
A,n,d,r,e,w, ,A,., ,K,o,s,o,v,e
M,a,r,y, ,R,i,c,h,a,r,d,s
N,a,n,c,y, ,B,e,r,n,s,t,e,i,n
R,e,n,n,y, ,H,a,r,l,i,n
L,a,t,i,f,a, ,O,u,a,o,u
W,i,l,l,i,a,m, ,T,e,i,t,l,e,r
J,a,s,o,n, ,M,i,l,l,e,r
J,o,r,d,a,n, ,G,e,r,t,n,e,r
L,i,o,n,e,l, ,W,i,g,r,a,m
E,l,i,z,a,b,e,t,h, ,C,u,t,h,r,e,l,l
M,a,t,t, ,P,a,r,k,e,r
M,i,c,h,a,e,l, ,H,a,c,k,e,t,t
O,w,e,n, ,W,i,l,s,o,n
J,o,h,n, ,M,c,T,i,e,r,n,a,n
A,l,l,a,n, ,Z,e,m,a,n
B,e,t,t,y, ,T,h,o,m,a,s
D,w,a,y,n,e, ,J,o,h,n,s,o,n
W,o,n,g, ,K,a,r,-,w,a,i
R,o,b,e,r,t, ,K,a,t,z
P,a,t,r,i,c,k, ,A,i,e,l,l,o
S,t,e,p,h,e,n, ,J,., ,C,a,n,n,e,l,l
T,o,b,e,y, ,M,a,g,u,i,r,e
P,e,t,e,r, ,O,., ,A,l,m,o,n,d
W,e,s,l,e,y, ,S,n,i,p,e,s
T,h,o,m,a,s, ,S,c,h,u,h,l,y
J,o,e,y, ,M,c,F,a,r,l,a,n,d
D,o,n,a,l,d, ,D,e, ,L,i,n,e
T,i,m, ,V,a,n, ,R,e,l,l,i,m
A,l,e,x, ,P,r,o,y,a,s
S,t,e,p,h,a,n,i,e, ,A,l,l,a,i,n
J,a,n,e,t, ,H,e,a,l,y
H,o,w,a,r,d, ,B,a,l,d,w,i,n
T,a,r,q,u,i,n, ,P,a,c,k
M,i,c,h,a,e,l, ,D,r,e,y,e,r
J,u,l,i,e,t, ,B,l,a,k,e
E,l,l,e,n, ,B,a,r,k,i,n
R,o,b,e,r,t, ,D,o,l,a,n
S,c,o,t,t, ,L,., ,G,o,l,d,m,a,n
R,o,b,e,r,t, ,E,., ,N,o,r,t,o,n
L,a,u,r,e,n, ,L,l,o,y,d
S,t,e,p,h,a,n,e, ,M,a,r,s,i,l
S,t,u,a,r,t, ,C,o,r,n,f,e,l,d
D,a,v,i,d, ,G,a,m,b,i,n,o
I,v,a,n, ,R,e,i,t,m,a,n
C,h,r,i,s,t,o,p,h,e,r, ,M,e,l,e,d,a,n,d,r,i
I,g,n,a,c,i,o, ,N,u,n,e,z
C,u,r,t,i,s, ,H,a,n,s,o,n
D,r,e,w, ,D,o,w,d,l,e
M,o,r,r,i,s, ,P,a,u,l,s,o,n
A,l,a,n, ,J,., ,P,a,k,u,l,a
A,r,n,i,e, ,M,e,s,s,e,r
M,a,t,t, ,D,a,m,o,n
P,a,s,c,a,l, ,C,a,u,c,h,e,t,e,u,x
J,a,u,m,e, ,C,o,l,l,e,t,-,S,e,r,r,a
S,p,e,n,c,e,r, ,S,u,s,s,e,r
P,a,m,e,l,a, ,S,c,h,e,i,n, ,M,u,r,p,h,y
J,a,m,e,s, ,P,a,t,t,e,r,s,o,n
D,a,v,i,d, ,H,e,y,m,a,n
J,o,d,i,e, ,F,o,s,t,e,r
J,a,m,e,s, ,M,o,r,r,i,s
M,a,u,r,i,c,e, ,K,a,n,b,a,r
R,o,b,e,r,t, ,S,t,o,n,e
E,d,d,i,e, ,M,u,r,p,h,y
L,a,w,r,e,n,c,e, ,B,e,n,d,e,r
J,o,h,n, ,L,e,s,h,e,r
B,e,r,n,d, ,E,i,c,h,i,n,g,e,r
S,i,d,n,e,y, ,K,i,m,m,e,l
C,h,a,r,l,e,s, ,R,o,v,e,n
G,e,o,r,g,e, ,Z,a,k,k
L,e,s,l,i,e, ,D,i,x,o,n
J,o,e,l, ,S,o,i,s,s,o,n
S,t,e,v,e,n, ,P,., ,W,e,g,n,e,r
D,e,o,n, ,T,a,y,l,o,r
S,t,e,p,h,e,n, ,M,i,l,b,u,r,n, ,A,n,d,e,r,s,o,n
A,n,d,r,e,w, ,S,., ,K,o,s,o,v,e
T,r,i,s,t,a,n, ,G,o,l,i,g,h,e,r
P,a,u,l, ,W,e,i,t,z
M,i,c,h,a,e,l, ,D,e, ,L,u,c,a
V,i,n,c,e,n,t, ,L,a,n,d,a,y
J,a,n,e,t, ,Z,u,c,k,e,r
M,i,k,e, ,C,a,h,i,l,l
P,a,t,r,i,c,k, ,C,u,n,n,i,n,g,h,a,m
P,h,i,l,i,p, ,D,o,l,a,n
S,t,e,v,e, ,L,e,v,i,n,s,o,n
M,a,r,y, ,B,u,r,k,e
D,a,v,i,d, ,A,.,R,., ,W,h,i,t,e
D,a,v,i,d, ,K,a,n,t,e,r
J,o,h,n, ,C,a,r,l,s
R,i,c,h,a,r,d, ,S,a,l,v,a,t,o,r,e
N,e,a,l, ,D,o,d,s,o,n
S,e,a,n, ,P,e,n,n
B,a,l,t,a,s,a,r, ,K,o,r,m,a,k,u,r
L,a,r,r,y, ,F,r,a,n,c,o
P,h,y,l,l,i,s, ,C,a,r,l,y,l,e
L,i,n,n,e, ,R,a,d,m,i,n
J,e,o,n,g, ,T,a,e,-,S,u,n,g
D,a,v,i,d, ,D,o,b,k,i,n
S,u,s,a,n, ,A,r,n,o,l,d
A,r,t, ,L,i,n,s,o,n
J,u,l,i,o, ,C,a,r,o
C,a,r,r, ,D,',A,n,g,e,l,o
T,o,d,d, ,L,i,e,b,e,r,m,a,n
J,a,y, ,S,a,n,d,e,r,s
F,r,a,n,k, ,A,r,a,g,o,n
A,n,n,e, ,K,o,p,e,l,s,o,n
D,e,b,o,r,a,h, ,D,e,l, ,P,r,e,t,e
M,e,l,i,s,s,a, ,C,o,b,b
E,r,i,c, ,M,c,L,e,o,d
B,r,i,a,n, ,K,a,v,a,n,a,u,g,h,-,J,o,n,e,s
B,r,a,d, ,E,p,s,t,e,i,n
M,a,r,i,o, ,K,a,s,s,a,r
D,a,v,i,d, ,G,i,l,e,r
E,d,w,a,r,d, ,L,., ,M,c,D,o,n,n,a,l,l
B,e,n, ,M,y,r,o,n
E,r,i,c,a, ,H,u,g,g,i,n,s
J,o,h,n, ,B,a,l,d,e,c,c,h,i
I,y,a, ,L,a,b,u,n,k,a
J,e,f,f, ,F,r,e,i,l,i,c,h
S,t,e,p,h,e,n, ,S,o,m,m,e,r,s
T,r,a,c,i,e, ,G,r,a,h,a,m
G,u, ,H,a,o
N,a,o,m,i, ,D,e,s,p,r,e,s
A,a,r,o,n, ,S,e,l,t,z,e,r
T,e,d,d,y, ,S,c,h,w,a,r,t,z,m,a,n
M,a,s,a,n,o,b,u, ,T,a,k,a,y,a,n,a,g,i
J,a,s,o,n, ,T,r,o,s,t
A,n,d,r,e,w, ,S,t,e,e,l,e
S,a,m,a,d, ,D,a,v,i,s
S,a,l,l,y, ,C,h,o,m,e,t
M,i,c,h,a,e,l, ,B,e,n,a,r,o,y,a
C,h,r,i,s,t,o,p,h,e,r, ,M,i,l,b,u,r,n
J,a,s,o,n, ,N,e,t,t,e,r
R,a,c,h,a,e,l, ,H,o,r,o,v,i,t,z
A,l,i,s,o,n, ,O,w,e,n
J,u,l,i,e, ,T,a,y,m,o,r
H,o,w,a,r,d, ,B,., ,J,a,f,f,e
P,i,e,r,r,e, ,B,u,f,f,i,n
S,h,a,n,e, ,B,l,a,c,k
B,e,l,e,n, ,A,t,i,e,n,z,a
J,o,n, ,S,h,a,p,i,r,o
V,i,t,a,l,y, ,G,r,i,g,o,r,i,a,n,t,s
H,e,l,e,n,e, ,P,l,o,t,k,i,n
P,e,n,n,y, ,F,i,n,k,e,l,m,a,n, ,C,o,x
S,t,u,a,r,t, ,F,o,r,r,e,s,t
C,h,r,i,s,t,o,p,h,e,r, ,Y,o,u,n,g
A,l,b,e,r,t,o, ,G,r,i,m,a,l,d,i
C,l,a,u,d,e, ,L,e,g,e,r
B,a,r,r,y, ,S,p,i,k,i,n,g,s
M,i,c,h,a,e,l, ,S,t,e,i,n,b,e,r,g
J,u,l,i,e, ,Y,o,r,n
P,h,i,l, ,D,o,r,n,f,e,l,d
S,t,e,v,e,n, ,B,o,y,d
G,i,n,a, ,S,h,a,y
M,a,r,k, ,P,l,a,t,t
G,a,l,e, ,A,n,n, ,H,u,r,d
P,a,u,l, ,R,u,d,d
H,e,n,r,y, ,S,e,l,i,c,k
W,a,r,r,e,n, ,B,e,a,t,t,y
D,e,b,o,r,a,h, ,S,n,y,d,e,r
J,e,r,e,m,y, ,K,l,e,i,n,e,r
D,a,n, ,A,t,c,h,i,s,o,n
S,t,e,v,e, ,P,i,n,k
E,l,i,z,a,b,e,t,h, ,B,a,n,k,s
A,l,i,x, ,T,i,d,m,a,r,s,h
P,a,m,e,l,a, ,O,a,s, ,W,i,l,l,i,a,m,s
P,a,u,l, ,W,a,n,g
B,r,u,c,e, ,A,., ,B,l,o,c,k
S,t,o,k,e,y, ,C,h,a,f,f,i,n
J,o,s,e,p,h, ,K,a,h,n
A,n,n, ,B,a,l,o,g
J,., ,G,e,y,e,r, ,K,o,s,i,n,s,k,i
T,o,n,y, ,S,c,o,t,t
M,i,c,h,e,l,e, ,W,e,i,s,l,e,r
B,r,u,n,s,o,n, ,G,r,e,e,n
J,a,s,o,n, ,H,o,f,f,s
M,i,k,e, ,D,e,v,l,i,n
S,e,b,a,s,t,i,e,n, ,K,., ,L,e,m,e,r,c,i,e,r
K,e,v,i,n, ,J,a,m,e,s
A,r,i,a,n,n,e, ,S,u,t,n,e,r
M,i,r,a,n,d,a, ,d,e, ,P,e,n,c,i,e,r
P,a,u,l, ,G,r,e,e,n,g,r,a,s,s
L,e,e, ,C,l,a,y
N,a,v,e,e,n, ,C,h,a,t,h,a,p,p,u,r,a,m
E,t,h,a,n, ,C,o,e,n
E,w,a,n, ,L,e,s,l,i,e
H,e,a,t,h,e,r, ,P,a,r,r,y
B,e,n,n,e,t, ,S,c,h,n,e,i,r
J,.,H,., ,W,y,m,a,n
M,i,r,e,i,l,l,e, ,S,o,r,i,a
D,a,v,i,d, ,S,c,h,w,i,m,m,e,r
K,a,t,e, ,C,o,n,n,o,r
D,a,n,i,e,l, ,D,u,b,i,e,c,k,i
M,a,r,c, ,S,m,e,r,l,i,n,g
A,m,y, ,H,e,c,k,e,r,l,i,n,g
N,i,c,o,l,e, ,K,i,d,m,a,n
K,e,v,i,n, ,R,e,h,e,r
T,o,d,d, ,P,h,i,l,l,i,p,s
R,o,n, ,S,h,e,l,t,o,n
A,l,i, ,B,e,l,l
B,i,l,l,y, ,R,o,v,z,a,r
H,e,i,d,i, ,J,o, ,M,a,r,k,e,l
O,z,z,i,e, ,A,r,e,u
M,a,r,k, ,H,e,r,b,e,r,t
M,a,t,t, ,W,i,l,l,i,a,m,s,o,n
C,a,r,o,l,i,n,e, ,V,a,n, ,I,s,e,g,h,e,m
P,a,t,r,i,c,k, ,C,a,s,s,a,v,e,t,t,i
P,o,l,l,y, ,J,o,h,n,s,o,n
C,h,r,i,s, ,C,o,l,u,m,b,u,s
G,o,r,d,o,n, ,C,a,r,r,o,l,l
C,h,r,i,s, ,B,e,n,d,e,r
E,r,w,i,n, ,S,t,o,f,f
W,i,l,l, ,S,m,i,t,h
P,e,t,e,r, ,H,o,l,d,e,n
J,a,c,k,y, ,P,a,n,g
W,i,l,l,i,a,m, ,A,l,d,r,i,c,h
M,a,t,t, ,W,e,a,v,e,r
S,a,i, ,V,a,r,a,d,a,n
J,o,s,e,p,h, ,A,v,a,l,l,o,n,e
M,i,c,h,a,e,l, ,O,h,o,v,e,n
A,n,t,o,n,i,o, ,C,a,m,p,o,s
J,e,r,e,m,y, ,B,o,l,t
R,i,c,a,r,d,o, ,M,e,s,t,r,e,s
Z,a,c,h,a,r,y, ,Q,u,i,n,t,o
E,m,i,l,i,o, ,D,i,e,z, ,B,a,r,r,o,s,o
C,h,a,r,l,e,s, ,E,v,a,n,s,",", ,J,r,.
L,a,u,r,a, ,L,a,u
N,e,i,l, ,M,e,r,o,n
G,a,r,y, ,H,o,w,s,a,m
J,u,l,i,a, ,P,i,s,t,o,r
B,e,n, ,A,f,f,l,e,c,k
S,a,r,a,h, ,A,u,b,r,e,y
M,i,c,h,a,e,l, ,B,a,r,n,a,t,h,a,n
T,o,n,y, ,W,i,n,l,e,y
G,a,r,e,t,h, ,W,i,l,e,y
T,h,o,m,a,s, ,L,a,n,g,m,a,n,n
C,h,r,i,s, ,H,e,n,c,h,y
G,r,e,g,o,r,y, ,G,o,o,d,m,a,n
G,r,e,g,o,r,y, ,L,e,v,a,s,s,e,u,r
L,e,t,t,y, ,A,r,o,n,s,o,n
T,e,d, ,D,e,m,m,e
M,i,c,h,a,e,l, ,L,o,n,d,o,n
J,i,m, ,M,o,r,r,i,s
R,i,c,k, ,Y,o,r,n
A,l,a,i,n, ,A,t,t,a,l
C,h,r,i,s,t,o,p,h,e,r, ,C,a,i,n
R,i,c,h,a,r,d, ,V,a,n,e
B,a,r,r,i,e, ,M,., ,O,s,b,o,r,n,e
K,a,t,e, ,C,o,h,e,n
M,i,c,h,e,l,e, ,I,m,p,e,r,a,t,o, ,S,t,a,b,i,l,e
J,o,h,n, ,R,a,b,e,r,d,e,a,u
C,h,r,i,s, ,M,a,r,t,i,n
A,n,d,r,e,w, ,R,o,n,a
K,e,n,n,y, ,O,r,t,e,g,a
A,d,e,l,e, ,R,o,m,a,n,s,k,i
T,o,m, ,G,o,r,a,j
R,o,n, ,Y,e,r,x,a
S,a,r,a,h, ,G,r,e,e,n
M,u,r,r,a,y, ,S,c,h,i,s,g,a,l
G,a,l,e, ,A,n,n,e, ,H,u,r,d
L,u,k,e, ,G,r,e,e,n,f,i,e,l,d
A,n,d,r,e,w, ,M,i,a,n,o
A,d,a,m, ,B,r,i,g,h,t,m,a,n
R,u,s,s, ,K,r,a,s,n,o,f,f
S,u,z,a,n,n,e, ,T,o,d,d
S,c,o,t,t, ,K,r,o,o,p,f
W,a,l,t,e,r, ,P,a,r,k,e,s
O,p,r,a,h, ,W,i,n,f,r,e,y
J,o,h,n, ,C,., ,D,o,n,k,i,n
F,r,a,n,k, ,M,i,l,l,e,r
C,a,t,h,e,r,i,n,e, ,W,i,n,d,e,r
D,a,r,r,e,n, ,S,t,a,r
A,n,d,r,e,w, ,A,d,a,m,s,o,n
C,a,t,h,e,r,i,n,e, ,G,u,n,d
A,l,l,e,n, ,H,u,g,h,e,s
L,e,i,l,a, ,S,m,i,t,h
D,a,n,i,e,l, ,B,i,g,e,l
M,i,k,e, ,S,c,u,l,l,y
B,a,s,i,l, ,I,w,a,n,y,k
M,a,r,c, ,P,l,a,t,t
E,d,w,a,r,d, ,B,u,r,n,s
O,r,e,n, ,K,o,u,l,e,s
F,r,a,n,k, ,D,a,r,a,b,o,n,t
S,t,a,n,l,e,y, ,R,., ,J,a,f,f,e
A,n,d,r,e,w, ,L,o,w,e
R,o,b,e,r,t, ,L,o,r,e,n,z
J,u,l,i,a, ,P,h,i,l,l,i,p,s
T,i,m, ,A,l,l,e,n
J,e,n,n,i,f,e,r, ,H,i,l,t,o,n, ,M,o,n,t,r,o,e
L,e,o,n,a,r,d, ,G,o,l,d,b,e,r,g
J,o,n, ,S,h,e,i,n,b,e,r,g
W,a,l,t,e,r, ,S,h,e,n,s,o,n
T,e,r,e,s,a, ,C,h,e,n,g
A,n,d,r,e,w, ,J,a,r,e,c,k,i
A,m,y, ,B,a,e,r
D,o,n, ,C,h,e,a,d,l,e
J,a,c,k, ,B,l,a,c,k
S,h,a,w,n, ,W,i,l,l,i,a,m,s,o,n
G,u,y, ,J,., ,L,o,u,t,h,a,n
G,e,o,r,g,i,n,a, ,L,o,w,e
J,a,s,o,n, ,R,e,i,t,m,a,n
C,h,r,i,s, ,T,h,o,m,a,s
V,i,n, ,D,i,e,s,e,l
R,a,f,a, ,L,a,r,a
M,a,r,t,i,n, ,B,r,e,s,t
M,a,r,s,h,a,l,l, ,H,e,r,s,k,o,v,i,t,z
R,i,c,k, ,B,i,e,b,e,r
R,o,b,e,r,t, ,M,i,c,h,a,e,l, ,G,e,i,s,l,e,r
S,a,m, ,M,e,r,c,e,r
W,e,s, ,A,n,d,e,r,s,o,n
T,o,m, ,T,y,k,w,e,r
G,r,a,e,m,e, ,I,s,a,a,c
A,n,d,y, ,F,i,c,k,m,a,n
S,t,e,p,h,e,n,i,e, ,M,e,y,e,r
J,o,n,a,t,h,a,n, ,S,e,h,r,i,n,g
J,e,f,f,r,e,y, ,S,i,l,v,e,r
B,r,i,a,n, ,I,n,e,r,f,e,l,d
E,r,i,c, ,K,o,p,e,l,o,f,f
S,t,e,v,e,n, ,H,a,f,t
B,r,a,h,i,m, ,C,h,i,o,u,a
C,a,s,e,y, ,S,i,l,v,e,r
K,y,l,e, ,M,a,r,t,i,n
W,a,y,n,e, ,B,a,r,r,o,w
C,h,r,i,s, ,R,o,m,a,n,o
M,a,t,t, ,A,l,v,a,r,e,z
J,e,r,r,y, ,M,i,l,l,s
R,o,b,e,r,t, ,T,e,i,t,e,l
D,a,m,i,a,n, ,J,o,n,e,s
R,e,b,e,c,c,a, ,Y,e,l,d,h,a,m
P,e,n, ,D,e,n,s,h,a,m
M,a,r,t,i,n, ,B,o,l,d,u,c
J,o,h,n, ,D,., ,S,c,h,o,f,i,e,l,d
G,a,i,l, ,M,u,t,r,u,x
A,n,d,r,e,w, ,L,l,o,y,d, ,W,e,b,b,e,r
S,t,e,p,h,e,n, ,L,',H,e,u,r,e,u,x
B,i,l,l, ,M,c,C,u,t,c,h,e,n
A,l,l,i,s,o,n, ,A,b,b,a,t,e
C,h,r,i,s,t,i,a,n, ,C,o,l,s,o,n
S,a,l,i,m, ,A,k,i,l
A,l,e,x, ,G,a,r,c,i,a
J,e,r,e,m,y, ,D,a,w,s,o,n
T,r,i,s,h, ,H,o,f,m,a,n,n
A,l,a,n, ,R,i,c,h,e
M,i,c,h,a,e,l, ,E,., ,U,s,l,a,n
A,n,d,r,e,w, ,G,u,n,n
B,e,r,n,a,r,d,o, ,G,o,m,e,z
A,l,e,x, ,S,c,h,w,a,r,t,z
S,t,e,v,e,n, ,A,r,n,d,t
J,o,n,a,t,h,a,n, ,K,i,n,g
T,i,m, ,D,u,f,f
S,u,z,a,n,n,e, ,W,e,i,n,e,r,t
R,o,b, ,R,e,i,n,e,r
E,m,i,l,e, ,S,h,e,r,m,a,n
S,o,f,i,a, ,C,o,p,p,o,l,a
R,y,a,n, ,M,u,r,p,h,y
C,h,r,i,s,t,o,p,h,e,r, ,G,a,l,l,o
I,g,n,a,c,i,o, ,G,o,m,e,z,-,S,a,n,c,h,e,z
M,i,c,h,a,e,l, ,N,a,r,d,e,l,l,i
R,o,b,e,r,t, ,B,e,r,n,s,t,e,i,n
M,a,r,k, ,V,i,c,t,o,r
L,e,s, ,A,l,e,x,a,n,d,e,r
S,t,e,v,e, ,G,o,l,i,n
L,u,c,y, ,C,o,o,p,e,r
B,i,l,l, ,P,o,h,l,a,d
G,r,e,g,o,r,y, ,J,a,c,o,b,s
A,l,e,x, ,H,e,i,n,e,m,a,n
P,e,t,e,r, ,B,e,v,a,n
M,i,r,a,n,d,a, ,B,a,i,l,e,y
H,a,n,n,a,h, ,H,e,m,p,s,t,e,a,d
R,i,c,h,a,r,d, ,L,i,n,k,l,a,t,e,r
R,o,b,e,r,t, ,E,n,g,e,l,m,a,n
I,r,v,i,n,g, ,A,z,o,f,f
A,n,d,r,e,w, ,L,a,u,r,e,n
R,h,o,n,d,a, ,T,o,l,l,e,f,s,o,n
B,a,r,b,a,r,a, ,B,r,o,c,c,o,l,i
J,e,f,f,r,e,y, ,M,., ,W,e,i,n,e,r
G,e,r,a,r,d, ,B,u,t,l,e,r
J,a,u,m,e, ,R,o,u,r,e,s
S,t,a,c,y, ,T,e,s,t,r,o
M,i,k,e, ,F,l,e,i,s,s
T,r,a,c,e,y, ,S,e,a,w,a,r,d
D,e,b,r,a, ,H,i,l,l
A,n,t,h,o,n,y, ,K,a,t,a,g,a,s
A,l,i,c,i,a, ,V,a,n, ,C,o,u,v,e,r,i,n,g
R,o,b, ,C,o,t,t,e,r,i,l,l
D,a,v,i,d, ,D,o,r,f,m,a,n
M,e,l,i,s,s,a, ,M,., ,L,e,e
H,a,r,m,o,n, ,K,a,s,l,o,w
F,r,a,n,c,i,s, ,F,o,r,d, ,C,o,p,p,o,l,a
G,e,m,i,n,i,a,n,o, ,P,i,n,e,d,a
L,i,a,m, ,O,',D,o,n,n,e,l,l
V,i,n,c,e, ,V,a,u,g,h,n
L,a,u,r,i,e, ,M,a,c,D,o,n,a,l,d
M,o,r,t,e,n, ,K,a,u,f,m,a,n,n
D,a,v,i,d, ,O,., ,R,u,s,s,e,l,l
J,u,l,i,a, ,T,a,y,l,o,r,-,S,t,a,n,l,e,y
S,a,m,s,o,n, ,M,u,c,k,e
L,i,z, ,G,l,o,t,z,e,r
A,d,a,m, ,S,a,n,d,l,e,r
C,a,r,o,l, ,F,e,n,e,l,o,n
K,h,o,o,l,-,A,i,d, ,R,i,o,s
K,o,b,a, ,N,a,k,o,p,i,a
T,e,d,d,y, ,Z,e,e
F,a,r,u,k, ,A,l,a,t,a,n
S,c,o,t,t, ,B,l,o,o,m
J,o,n, ,L,a,n,d,a,u
S,c,o,t,t, ,A,v,e,r,s,a,n,o
M,a,r,t,i,n, ,B,r,e,g,m,a,n
P,a,u,l, ,A,u,f,i,e,r,o
M,i,c,k,e,y, ,L,i,d,d,e,l,l
S,u,s,a,n, ,H,o,f,f,m,a,n
J,u,s,t,i,n, ,N,a,p,p,i
A,n,t,h,o,n,y, ,',A,n,t,', ,H,i,n,d,s
A,n,d,r,e,w, ,L,i,c,h,t
S,c,o,t,t, ,S,t,u,b,e,r
B,o,b,b,y, ,N,e,w,m,y,e,r
B,e,n, ,K,a,r,l,i,n
C,h,u,c,k, ,P,a,c,h,e,c,o
S,u,s,a,n, ,D,o,w,n,e,y
F,o,r,e,s,t, ,W,h,i,t,a,k,e,r
A,n,d,y, ,W,a,c,h,o,w,s,k,i
D,a,v,i,d, ,E,., ,T,a,l,b,e,r,t
P,e,g,g,y, ,R,a,j,s,k,i
R,o,l,a,n,d, ,C,a,r,o,l,l
W,y,c,h, ,G,o,d,f,r,e,y
R,i,d,l,e,y, ,S,c,o,t,t
T,i,n,a, ,S,i,n,a,t,r,a
N,o,r,t,o,n, ,H,e,r,r,i,c,k
K,e,v,i,n, ,M,i,s,h,e,r
N,i,r,a, ,P,a,r,k
D,o,n,n,a, ,A,r,k,o,f,f, ,R,o,t,h
P,e,t,e,r, ,M,a,c,G,r,e,g,o,r,-,S,c,o,t,t
G,r,e,g, ,B,e,r,l,a,n,t,i
A,l,e,x,a,n,d,e,r, ,R,o,d,n,y,a,n,s,k,y
S,t,e,p,h,e,n, ,B,a,y,l,y
P,a,u,l, ,T,h,o,m,a,s, ,A,n,d,e,r,s,o,n
J,a,n,e, ,H,a,r,t,w,e,l,l
A,n,n, ,R,u,a,r,k
J,o,n,i, ,S,i,g,h,v,a,t,s,s,o,n
M,a,r,k, ,V,a,h,r,a,d,i,a,n
M,a,r,c, ,N,o,r,m,a,n
D,a,v,i,d, ,O, ,S,e,l,z,n,i,c,k
E,r,i,c, ,L,., ,G,o,l,d
V,o,l,e,t,t,a, ,W,a,l,l,a,c,e
J,a,s,o,n, ,G,e,t,e,r
G,e,o,r,g,e, ,F,u,r,l,a
J,o,h,n, ,S,m,i,t,h,s,o,n
M,a,t,t,h,e,w, ,B,a,e,r
J,o,n,a,t,h,a,n, ,D,e,m,m,e
M,a,r,k, ,F,r,y,d,m,a,n
N,e,i,l, ,G,a,i,m,a,n
R,y,a,n, ,C,a,r,r,o,l,l
D,i,a,b,l,o, ,C,o,d,y
D,a,n, ,L,i,n
G,a,b,r,i,e,l,l,e, ,T,a,n,a
S,t,e,v,e,n, ,S,c,h,a,r,d,t
J,a,m,e,s, ,D,., ,S,t,e,r,n
C,h,r,i,s,t,o,p,h,e,r, ,M,c,Q,u,a,r,r,i,e
L,o,r,e,n,z,o, ,d,i, ,B,o,n,a,v,e,n,t,u,r,a
G,e,r,h,a,r,d, ,M,e,i,x,n,e,r
L,a,u,r,e,n,c,e, ,M,a,l,k,i,n
R,o,b,e,r,t, ,R,e,d,f,o,r,d
E,v,a, ,D,i,e,d,e,r,i,x
A,d,a,m, ,G,o,l,d,w,o,r,m
A,n,i,s,h, ,S,a,v,j,a,n,i
E,t,c,h,i,c, ,S,t,r,o,h
T,o,m, ,C,r,u,i,s,e
C,h,a,r,l,e,s, ,G,i,l,i,b,e,r,t
A,d,a,m, ,D,i,c,k
P,e,t,e,r, ,S,a,m,u,e,l,s,o,n
M,i,k,e, ,J,e,f,f,e,r,i,e,s
J,o,e, ,W,i,z,a,n
A,l,f,r,e,d, ,G,o,u,g,h
M,a,r,c, ,F,o,r,s,t,e,r
E,d,u,a,r,d,o, ,R,o,s,s,o,f,f
J,a,d,a, ,P,i,n,k,e,t,t, ,S,m,i,t,h
M,i,k,e, ,S,t,e,n,s,o,n
N,e,i,l,l, ,B,l,o,m,k,a,m,p
A,l,l,e,n, ,C,o,v,e,r,t
D,e,b,o,r,a,h, ,G,i,a,r,r,a,t,a,n,a
D,e,b,r,a, ,M,a,r,t,i,n, ,C,h,a,s,e
P,i,e,r,r,e,-,A,n,g,e, ,L,e, ,P,o,g,a,m
M,a,r,r,y,A,n,n, ,T,a,n,e,d,o
S,t,e,p,h,e,n, ,T,e,n,e,n,b,a,u,m
E,l,i, ,R,o,t,h
S,c,o,t,t, ,N,e,m,e,s
P,a,t,r,i,c,k, ,M,a,r,k,e,y
Z,h,a,n,g, ,W,e,i,p,i,n,g
J,e,n,n,i,f,e,r, ,G,i,b,g,o,t
G,u,y,m,o,n, ,C,a,s,a,d,y
A,n,d,r,e,w, ,N,i,c,c,o,l
K,i,m,b,e,r,l,y, ,d,i, ,B,o,n,a,v,e,n,t,u,r,a
S,t,e,v,e,n, ,S,c,h,n,e,i,d,e,r
G,r,a,n,t, ,H,e,s,l,o,v
A,l,e,x, ,B,r,u,n,n,e,r
M,a,r,t,y, ,K,r,o,f,t
S,t,e,f,a,n, ,A,r,n,d,t
B,a,r,r,y, ,J,o,s,e,p,h,s,o,n
R,o,b,e,r,t, ,R,o,d,r,i,g,u,e,z
J,u,l,i,o, ,D,e,p,i,e,r,t,o
C,a,t,h,l,e,e,n, ,S,u,t,h,e,r,l,a,n,d
H,a,r,o,l,d, ,R,a,m,i,s
J,o,r,g,e, ,S,a,r,a,l,e,g,u,i
P,a,u,l, ,W,.,S,., ,A,n,d,e,r,s,o,n
C,e,a,n, ,C,h,a,f,f,i,n
J,a,m,e,s, ,D,., ,B,r,u,b,a,k,e,r
G,r,a,h,a,m, ,K,i,n,g
S,t,e,v,e,n, ,C,h,a,s,m,a,n
M,a,r,g,a,r,e,t, ,M,e,n,e,g,o,z
R,u,s,s,e,l,l, ,S,m,i,t,h
T,h,o,m,a,s, ,A,., ,B,l,i,s,s
J,a,m,e,s, ,S,c,h,a,m,u,s
E,r,i,c, ,F,e,l,l,n,e,r
J,a,s,o,n, ,B,l,u,m,e,n,t,h,a,l
B,r,a,d, ,G,r,e,y
W,o,l,f,g,a,n,g, ,P,e,t,e,r,s,e,n
G,a,l,t, ,N,i,e,d,e,r,h,o,f,f,e,r
P,e,t,e,r, ,B,l,o,c,k
C,h,r,i,s,t,o,s, ,V,., ,K,o,n,s,t,a,n,t,a,k,o,p,o,u,l,o,s
T,o,p,h,e,r, ,D,o,w
B,e,n,i,c,i,o, ,D,e,l, ,T,o,r,o
R,i,c,h,a,r,d, ,S,a,k,a,i
T,o,m, ,H,o,d,g,e,s
L,o,r,i, ,M,c,C,r,e,a,r,y
P,a,t,r,i,c,k, ,O,',B,r,i,e,n
K,i,m,b,e,r,l,y, ,P,e,i,r,c,e
A,d,a,m, ,F,i,e,l,d,s
D,y,l,a,n, ,C,l,a,r,k
D,a,v,i,d, ,A,y,e,r
T,o,m, ,H,a,n,k,s
D,a,v,i,d, ,P,e,r,m,u,t
T,i,m, ,B,e,v,a,n
L,i,z,a, ,C,h,a,s,i,n
H,u,g,h, ,J,a,c,k,m,a,n
M,a,t,t,h,e,w, ,M,i,c,h,a,e,l, ,C,a,r,n,a,h,a,n
J,C, ,S,p,i,n,k
V,e,r,a,n,e, ,F,r,e,d,i,a,n,i
D,o,l,l,y, ,H,a,l,l
F,l,o,r,e,n,c,e, ,S,l,o,a,n
R,o,s,s, ,B,a,g,d,a,s,a,r,i,a,n, ,J,r
R,u,d,d, ,S,i,m,m,o,n,s
B,i,l,l, ,B,a,d,a,l,a,t,o
R,o,d, ,L,u,r,i,e
K,r,i,s,t,i,n,e, ,B,e,l,s,o,n
G,o,r,e, ,V,e,r,b,i,n,s,k,i
M,a,r,y, ,B,r,o,c,k, ,A,k,i,l
B,a,r,b,a,r,a, ,D,e, ,F,i,n,a
C,h,r,i,s,t,o,p,h,e,r, ,M,., ,Z,a,r,p,a,s
J,o,h,n, ,H,., ,W,i,l,l,i,a,m,s
I,a,i,n, ,S,m,i,t,h
V,i,c,t,o,r, ,K,u,b,i,c,e,k
S,p,i,k,e, ,S,e,l,d,i,n
O,r,i, ,M,a,r,m,u,r
A,n,n, ,W,i,n,g,a,t,e
A,n,t,h,o,n,y, ,M,i,n,g,h,e,l,l,a
J,e,s,s,e, ,B,',F,r,a,n,k,l,i,n
G,o,r,d,o,n, ,G,r,a,y
R,o,s,s, ,K,a,t,z
J,o,n,a,t,h,a,n, ,G,l,i,c,k,m,a,n
S,h,a,h,a,r, ,S,t,r,o,h
R,o,s,a,n,n,e, ,M,i,l,l,i,k,e,n
V,a,n, ,T,o,f,f,l,e,r
L,l,o,y,d, ,P,h,i,l,l,i,p,s
T,h,o,m,a,s, ,T,u,l,l
M,a,c,e, ,N,e,u,f,e,l,d
W,i,l,l,i,a,m, ,R,e,x,e,r, ,I,I
L,a,t,i, ,G,r,o,b,m,a,n
E,m,i,l,i,o, ,M,i,l,m,o, ,A,z,c,a,r,r,a,g,a
P,e,t,e,r, ,B,r,o,u,g,h,a,n
R,e,g,i,n,a,l,d, ,H,u,d,l,i,n
C,h,r,i,s,t,i,n,a, ,S,t,e,i,n,b,e,r,g
N,o,r,a, ,E,p,h,r,o,n
E,r,i,c, ,S,t,e,e,l
J,a,s,o,n, ,C,l,a,r,k
J,o,h,n, ,H,., ,H,a,r,t
I,a,n, ,B,r,y,c,e
M,a,r,c, ,A,b,r,a,h,a,m
M,a,t,t, ,B,a,r,r,e,l,l,e
E,s,t,e,l,l,e, ,F,i,a,l,o,n
J,a,k,e, ,W,e,i,n,e,r
R,a,l,p,h, ,G,u,g,g,e,n,h,e,i,m
A,l,l,i,s,o,n, ,L,y,o,n, ,S,e,g,a,n
M,a,r,k, ,W,a,h,l,b,e,r,g
D,a,r,r,e,n, ,G,o,l,d,b,e,r,g
B,i,l,l, ,C,a,r,r,a,r,o
A,m,a,n,d,a, ,H,i,l,l
R,o,m,a,n, ,P,a,u,l
R,o,b,e,r,t, ,Z,e,m,e,c,k,i,s
S,a,d,i,e, ,F,r,o,s,t
M,a,u,r,i,c,e, ,S,e,n,d,a,k
L,i,l,i, ,F,i,n,i, ,Z,a,n,u,c,k
R,o,y, ,L,e,e
T,u,c,k,e,r, ,T,o,o,l,e,y
B,r,i,a,n, ,K,o,p,p,l,e,m,a,n
N,e,d,a, ,A,r,m,i,a,n
M,a,t,t,h,e,w, ,V,a,u,g,h,n
P,e,t,e, ,Y,o,r,n
M,i,c,h,a,e,l, ,G,o,t,t,w,a,l,d
S,c,o,t,t, ,W,a,u,g,h
J,o,h,a,n, ,S,t,u,r,m
F,e,r,r,e,l,l, ,B,a,r,r,o,n
C,h,r,i,s, ,M,a,y,b,a,c,h
S,a,u,l, ,Z,a,e,n,t,z
M,i,c,h,a,e,l, ,T,a,d,r,o,s,s
T,o,m, ,J,a,c,o,b,s,o,n
N,a,n,c,y, ,T,e,n,e,n,b,a,u,m
D,a,v,i,d, ,V,a,l,d,e,s
M,., ,N,i,g,h,t, ,S,h,y,a,m,a,l,a,n
K,e,r,r,y, ,K,o,h,a,n,s,k,y,-,R,o,b,e,r,t,s
D,a,w,n, ,S,t,e,e,l
K,e,i,t,h, ,C,a,l,d,e,r
P,e,t,e,r, ,S,e,g,a,l
D,o,n, ,H,a,h,n
M,a,l,c,o,l,m, ,G,o,o,d,w,i,n
D,a,n, ,E,t,h,e,r,i,d,g,e
W,e,s, ,C,r,a,v,e,n
S,., ,B,r,y,a,n, ,H,i,c,k,o,x
A,d,a,m, ,M,c,K,a,y
R,o,b,e,r,t, ,O,g,d,e,n, ,B,a,r,n,u,n
K,o,r,i, ,R,a,e
N,i,c,h,o,l,a,s, ,S,t,o,l,l,e,r
E,r,i,c, ,S,t,o,l,t,z
A,n,d,r,e,w, ,N,a,p,i,e,r
J,a,m,e,s, ,R,i,c,h,a,r,d,s,o,n
H,a,r,r,y, ,S,a,l,t,z,m,a,n
S,h,a,r,l,a, ,S,u,m,p,t,e,r, ,B,r,i,d,g,e,t,t
J,o,a,n,n,e