C,a,r,l, ,E,l,l,s,w,o,r,t,h
J,o,n, ,R,a,y,m,o,n,d
J,o,d,y, ,L,a,m,b,e,r,t
K,a,t,i,e, ,D,i,p,p,o,l,d
B,r,e,n,t, ,M,a,d,d,o,c,k
M,a,r,i,a,n,n,e, ,W,i,b,b,e,r,l,e,y
J,e,f,f, ,C,e,s,a,r,i,o
J,o,e, ,G,a,y,t,o,n
K,e,i,t,h, ,S,h,a,r,o,n
J,o,h,n, ,W,a,t,s,o,n
N,i,c,k, ,S,w,a,r,d,s,o,n
D,a,v,i,d, ,P,e,o,p,l,e,s
D,a,n, ,H,a,r,m,o,n
D,e,b,o,r,a,h, ,S,c,h,w,a,r,t,z
C,h,a,r,l,e,s, ,P,a,r,l,a,p,a,n,i,d,e,s
B,e,r,t, ,V,., ,R,o,y,a,l
E,l,i,z,a,b,e,t,h, ,M,e,r,i,w,e,t,h,e,r
P,a,u,l, ,H,a,g,g,i,s
D,a,v,e, ,E,g,g,e,r,s
A,n,d,r,e,w, ,H,a,i,g,h
S,c,o,t,t, ,R,o,t,h,m,a,n
J,o,h,n, ,K,r,a,s,i,n,s,k,i
M,i,c,h,a,e,l, ,B,e,r,k
M,i,c,h,a,e,l, ,B,e,r,g
A,l,a,n, ,F,r,e,e,d,l,a,n,d
R,e,i,d, ,C,a,r,o,l,i,n
J,o,h,n, ,E,r,i,c,k, ,D,o,w,d,l,e
K,e,v,i,n, ,S,m,i,t,h
R,o,b, ,E,d,w,a,r,d,s
G,e,o,r,g,e, ,N,o,l,f,i
I,v,a,n, ,R,a,i,m,i
S,t,e,v,e, ,F,a,b,e,r
A,b,b,y, ,K,o,h,n
M,a,t,t,h,e,w, ,S,t,o,n,e
C,l,i,f,f, ,H,o,l,l,i,n,g,s,w,o,r,t,h
V,i,n,c,e,n,t, ,P,a,r,o,n,n,a,u,d
D,u,n,c,a,n, ,B,r,a,n,t,l,e,y
J,e,r,r,y, ,S,e,i,n,f,e,l,d
C,h,a,d, ,H,a,y,e,s
W,e,s,l,e,y, ,S,t,r,i,c,k
A,l,e,x,a,n,d,e,r, ,P,a,y,n,e
C,a,r,l,o,s, ,K,o,t,k,i,n
M,i,c,h,e,l, ,L,e,c,l,e,r,c
J,a,y, ,D,u,p,l,a,s,s
F,r,a,n, ,W,a,l,s,h
J,i,m,m,y, ,H,a,y,w,a,r,d
T,o,m,m,y, ,W,i,r,k,o,l,a
B,i,l,l,y, ,W,o,o,d
A,n,n, ,B,i,d,e,r,m,a,n
P,a,t,r,i,k, ,F,o,r,s,b,e,r,g
V,i,n,c,e, ,M,c,K,e,w,i,n
B,i,l,l, ,W,i,t,t,l,i,f,f
J,o,h,n, ,T,u,r,m,a,n
J,e,r,z,y, ,K,r,o,m,o,l,o,w,s,k,i
D,a,n,n,y, ,B,o,y,l,e
D,o,u,g,l,a,s, ,C,o,o,k
C,h,a,r,l,e,s, ,L,e,a,v,i,t,t
S,a,m, ,R,a,i,m,i
M,a,r,k, ,S,c,h,w,a,h,n
M,i,k,e, ,M,y,e,r,s
A,p,r,i,l, ,B,l,a,i,r
H,u,c,k, ,B,o,t,k,o
J,u,l,i,a,n, ,F,e,l,l,o,w,e,s
J,a,c,k,i,e, ,F,i,l,g,o
B,r,i,a,n, ,T,u,c,k,e,r
J,o,s,h,u,a, ,C,o,r,d,e,s
C,h,r,i,s,t,o,p,h,e,r, ,R,o,a,c,h
D,a,v,i,d, ,S,c,h,i,g,a,l,l
C,l,a,u,d,e,-,M,i,c,h,e,l, ,S,c,h,ö,n,b,e,r,g
E,r,i,c, ,B,e,r,g,q,u,i,s,t
G,i,l,l,e,s, ,P,a,q,u,e,t,-,B,r,e,n,n,e,r
R,i,c,h,a,r,d, ,D,',O,v,i,d,i,o
K,e,n, ,K,a,u,f,m,a,n
A,d,a,m, ,G,r,e,e,n,b,e,r,g
M,a,r,k, ,O, ,K,e,e,f,e
J,i,m,m,y, ,C,h,i
R,e,g,g,i,e, ,R,o,c,k, ,B,y,t,h,e,w,o,o,d
H,o,w,a,r,d, ,K,o,c,h
G,r,a,h,a,m, ,Y,o,s,t
Q,u,e,n,t,i,n, ,T,a,r,a,n,t,i,n,o
I,g,o,r, ,L,e,g,a,r,r,e,t,a
L,e,m, ,D,o,b,b,s
R,a,n,d,y, ,B,r,o,w,n
M,i,c,h,a,e,l, ,S,c,h,i,f,f,e,r
P,h,o,e,f, ,S,u,t,t,o,n
X,u, ,H,a,o,f,e,n,g
S,t,e,p,h,e,n, ,M,c,F,e,e,l,y
J,o,h,n, ,G,l,e,n,n
J,o,s,h, ,S,i,n,g,e,r
J,e,r,e,m,y, ,S,p,e,a,r,s
S,t,e,v,e, ,C,a,r,p,e,n,t,e,r
D,o,n,a,l,d, ,M,c,E,n,e,r,y
T,h,o,m,a,s, ,L,e,n,n,o,n
L,i,s,a, ,A,d,d,a,r,i,o
N,i,c,k, ,P,a,r,k
J,o,h,n,n,y, ,K,n,o,x,v,i,l,l,e
T,o,m,m,y, ,L,e,e, ,J,o,n,e,s
S,c,o,t,t, ,A,r,m,s,t,r,o,n,g
W,i,l,l, ,B,e,a,l,l
P,e,t,e,r, ,C,h,i,a,r,e,l,l,i
K,u,r,t, ,W,i,m,m,e,r
C,h,e,n, ,B,a,o,g,u,a,n,g
J,o,e, ,S,t,i,l,l,m,a,n
J,o,n,a,t,h,a,n, ,H,e,n,s,l,e,i,g,h
A,n,d,r,e, ,N,e,m,e,c
D,i,d,i,e,r, ,K,a,m,i,k,a
R,Z,A
P,e,t,e,r, ,L,a,n,d,e,s,m,a,n
J,o,h,n, ,B,a,n,v,i,l,l,e
J,o,h,n,-,H,e,n,r,y, ,B,u,t,t,e,r,w,o,r,t,h
T,o,m, ,D,i,C,i,l,l,o
A,n,d,r,e,w, ,W,., ,M,a,r,l,o,w,e
R,o,w,a,n, ,J,o,f,f,e
D,a,n, ,M,a,z,e,r
C,h,e,o, ,H,o,d,a,r,i, ,C,o,k,e,r
S,c,o,t,t, ,D,e,r,r,i,c,k,s,o,n
P,a,t,r,i,c,k, ,M,a,r,b,e,r
L,o,r,e,n,e, ,S,c,a,f,a,r,i,a
S,c,o,t,t, ,Z,., ,B,u,r,n,s
T,o,n,y, ,L,e,e,c,h
D,a,n, ,S,t,e,a,d,m,a,n
P,e,t,e,r, ,F,a,r,r,e,l,l,y
M,a,t,t,h,e,w, ,F,o,g,e,l
J,e,a,n,n,e, ,R,o,s,e,n,b,e,r,g
G,u,i,l,l,e,r,m,o, ,D,e,l, ,T,o,r,o
M,i,k,e, ,R,e,i,s,s
H,a,m,i,s,h, ,M,c,C,o,l,l
E,r,i,c, ,B,e,s,n,a,r,d
A,d,i, ,H,a,s,a,k
A,l,e,x, ,T,s,e
J,e,r,e,m,y, ,S,o,s,e,n,k,o
G,e,r,a,l,d, ,D,i,P,e,g,o
E,d, ,G,a,s,s,-,D,o,n,n,e,l,l,y
A,l,e,c, ,B,e,r,g
T,o,n,y, ,G,a,y,t,o,n
H,e,a,t,h,e,r, ,H,a,c,h
J,o,n, ,V,i,t,t,i
B,o,b,c,a,t, ,G,o,l,d,t,h,w,a,i,t
E,d,g,a,r, ,W,r,i,g,h,t
T,o,d,d, ,F,a,r,m,e,r
V,l,a,s, ,P,a,r,l,a,p,a,n,i,d,e,s
P,e,t,e,r, ,B,e,n,c,h,l,e,y
R,o,n,a,n, ,B,e,n,n,e,t,t
L,u,c,y, ,A,l,i,b,a,r
T,e,r,r,y, ,R,o,s,s,i,o
M,a,r,c, ,M,o,s,s
B,r,u,c,e, ,J,a,y, ,F,r,i,e,d,m,a,n
S,t,e,v,e,n, ,Z,a,i,l,l,i,a,n
T,a,t,i,a,n,a, ,v,o,n, ,F,u,r,s,t,e,n,b,e,r,g
G,e,o,r,g,e, ,L,u,c,a,s
H,o,w,a,r,d, ,A,., ,K,l,a,u,s,n,e,r
J,a,m,e,s, ,G,u,n,n
S,i,m,o,n, ,B,e,a,u,f,o,y
N,i,c,k, ,I,z,z,o
G,r,e,g,o,r,y, ,A,l,l,e,n, ,H,o,w,a,r,d
C,h,r,i,s,t,o,p,h,e,r, ,W,i,l,k,i,n,s,o,n
A,d,a,m, ,S,z,t,y,k,i,e,l
D,o,u,g,l,a,s, ,S,c,h,w,a,r,t,z
G,r,a,n,t, ,N,i,e,p,o,r,t,e
J,o,s,h, ,A,p,p,l,e,b,a,u,m
C,l,a,y,t,o,n, ,F,r,o,h,m,a,n
J,a,m,e,s, ,V,., ,S,i,m,p,s,o,n
S,t,e,v,e, ,C,o,o,g,a,n
J,a,s,o,n, ,K,e,l,l,e,r
P,a,t,r,i,c,k, ,L,u,s,s,i,e,r
S,h,e,l,d,o,n, ,T,u,r,n,e,r
J,u,l,i,o, ,D,e,p,i,e,r,t,o
B,o,b,b,y, ,M,o,r,e,s,c,o
J,o,h,n, ,H,u,g,h,e,s
S,e,a,n, ,M,o,y,n,i,h,a,n
J,o,h,n, ,D,a,v,i,e,s
M,e,l,i,s,s,a, ,M,c,C,a,r,t,h,y
J,o,e, ,C,o,r,n,i,s,h
J,o,n,a,t,h,a,n, ,R,o,b,e,r,t,s
J,e,f,f, ,N,a,t,h,a,n,s,o,n
M,i,c,h,a,e,l, ,R,o,b,e,r,t, ,J,o,h,n,s,o,n
A,r,i,e,l, ,V,r,o,m,e,n
M,i,k,e, ,B,e,r,g
R,e,b, ,C,r,i,b,b
C,h,r,i,s,t,o,p,h,e,r, ,N,o,l,a,n
N,i,c,k, ,B,a,k,a,y
A,n,d,r,e,w, ,D,a,v,i,e,s
R,o,b,e,r,t, ,L,u,d,l,u,m
W,i,l,l, ,F,e,r,r,e,l,l
R,o,n,a,l,d, ,H,a,r,w,o,o,d
J,o,e, ,S,y,r,a,c,u,s,e
T,o,m, ,M,c,C,a,r,t,h,y
D,a,v,i,d, ,L,o,u,c,k,a
J,e,f,f, ,R,e,n,o
M,i,c,h,a,e,l, ,S,p,i,e,r,i,g
D,o,n, ,M,c,K,e,l,l,a,r
K,e,v,i,n, ,F,o,x
J,o,h,n, ,M,o,r,r,i,s
B,e,n, ,C,o,c,c,i,o
K,e,l,l,y, ,W,a,r,d
A,m,a,n,d,a, ,B,r,o,d,y
J,a,m,e,s, ,V,., ,H,a,r,t
D,a,v,i,d, ,W,a,i,n
S,t,a,c,y, ,S,h,e,r,m,a,n
X,a,v,i,e,r, ,B,e,a,u,v,o,i,s
K,a,t,h,e,r,i,n,e, ,F,u,g,a,t,e
D,a,m,o,n, ,B,e,e,s,l,e,y
J,o,h,n, ,M,c,L,a,u,g,h,l,i,n
G,r,e,g, ,B,r,o,o,k,e,r
M,i,c,h,a,e,l, ,G,o,l,d,e,n,b,e,r,g
D,a,v,i,d, ,N,., ,W,e,i,s,s
B,a,z, ,L,u,h,r,m,a,n,n
D,e,n,n,i,s, ,P,o,t,t,e,r
W,i,l,l, ,M,c,R,o,b,b
B,r,i,a,n, ,T,a,y,l,o,r
C,h,a,r,l,i,e, ,H,a,a,s
D,o,n, ,H,o,l,l,e,y
D,a,n, ,M,a,z,e,a,u
J,a,c,k, ,A,m,i,e,l
T,h,e,r,e,s,a, ,P,r,e,s,t,o,n
D,a,v,i,d, ,N,i,c,h,o,l,l,s
C,h,r,i,s, ,M,a,s,o,n, ,J,o,h,n,s,o,n
T,o,m, ,B,r,a,d,y
M,a,r,k, ,P,r,o,t,o,s,e,v,i,c,h
N,i,a, ,V,a,r,d,a,l,o,s
A,l,e,c, ,S,o,k,o,l,o,w
D,i,c,k, ,C,l,e,m,e,n,t
D,a,v,i,d, ,K,o,e,p,p
F,r,a,n,c,o,i,s, ,G,i,r,a,r,d
S,h,a,w,n, ,C,h,r,i,s,t,e,n,s,e,n
C,h,r,i,s, ,P,a,r,k,e,r
C,a,m,e,r,o,n, ,C,r,o,w,e
J,e,f,f, ,C,o,x
T,i,m, ,B,u,r,t,o,n
B,r,i,t, ,M,a,r,l,i,n,g
G,r,e,g, ,B,e,r,l,a,n,t,i
G,l,e,n,n, ,B,e,r,g,e,r
P,e,t,e,r, ,G,o,l,d,f,i,n,g,e,r
M,i,c,h,a,e,l, ,D,i,l,i,b,e,r,t,i
J,., ,M,i,c,h,a,e,l, ,S,t,r,a,c,z,y,n,s,k,i
D,a,r,r,e,n, ,A,r,o,n,o,f,s,k,y
M,i,c,h,a,e,l, ,D,e,b,r,u,y,n
J,o,h,n, ,H,o,d,g,e,s
T,h,o,m,a,s, ,V,i,n,t,e,r,b,e,r,g
J,o,h,n, ,R,i,c,e
E,r,i,c,a, ,R,i,v,n,o,j,a
R,y,a,n, ,E,n,g,l,e
D,o,n,a,l,d, ,S,t,e,w,a,r,t
S,p,i,k,e, ,F,e,r,e,s,t,e,n
M,i,c,h,a,e,l, ,B,r,a,n,d,t
N,i,c, ,Y,o,u,n,g
D,a,v,i,d, ,M,i,c,h,o,d
S,t,e,v,e,n, ,R,o,g,e,r,s
E,n,r,i,q,u,e, ,U,r,b,i,z,u
D,a,v,i,d, ,M,., ,E,v,a,n,s
J,a,m,e,s, ,L,., ,W,h,i,t,e
M,a,r,j,a,n,e, ,S,a,t,r,a,p,i
E,m,i,l, ,S,t,e,r,n
C,a,t,h,e,r,i,n,e, ,J,o,h,n,s,o,n
H,o,s,s,e,i,n, ,A,m,i,n,i
M,i,g,u,e,l, ,B,a,r,r,o,s
O,r,e,n, ,U,z,i,e,l
O,r,e,n, ,P,e,l,i
B,e,n, ,Q,u,e,e,n
C,o,r,m,a,c, ,W,i,b,b,e,r,l,e,y
C,r,a,i,g, ,B,o,r,t,e,n
M,i,k,e, ,W,e,r,b
P,e,t,e,r, ,W,e,i,r
T,i,m, ,H,e,r,l,i,h,y
S,c,o,t,t, ,F,r,a,n,k
T,o,m, ,S,t,o,p,p,a,r,d
L,a,r,r,y, ,S,t,u,c,k,e,y
T,o,m, ,L,a,z,a,r,u,s
J,o,h,n, ,G,a,r,v,i,n
P,a,t, ,P,r,o,f,t
J,e,r,e,m,y, ,C,h,i,l,n,i,c,k
N,i,e,l,s, ,M,u,e,l,l,e,r
W,a,r,r,e,n, ,L,e,w,i,s
H,a,w,k, ,O,s,t,b,y
T,o,d,d, ,L,i,n,c,o,l,n
S,t,u,a,r,t, ,M,o,r,s,e
G,r,e,g,o,r,y, ,J,., ,B,r,a,d,l,e,y
S,t,e,v,e,n, ,E,., ,d,e, ,S,o,u,z,a
D,a,v,i,d, ,C,a,s,p,e
H,a,r,a,l,d, ,K,l,o,s,e,r
C,h,r,i,s,t,o,p,h,e,r, ,H,a,m,p,t,o,n
D,a,n,i,e,l, ,W,a,t,e,r,s
M,i,c,h,a,e,l, ,T,h,o,m,a,s
T,r,a,c,y, ,K,e,e,n,a,n, ,W,y,n,n
A,n,n,e,-,M,a,r,i,e, ,M,a,r,t,i,n
J,a,k,e, ,K,a,s,d,a,n
C,a,r,l,o, ,B,e,r,n,a,r,d
D,i,a,n,a, ,O,s,s,a,n,a
D,a,n, ,H,a,r,r,i,s
D,a,v,i,d, ,D,i,g,i,l,i,o
J,o,n,a,t,h,a,n, ,G,o,l,d,s,t,e,i,n
H,o,l,l,y, ,G,e,n,t, ,P,a,l,m,o
W,i,l,l,i,a,m, ,B,r,o,y,l,e,s, ,J,r,.
B,a,r,b,a,r,a, ,M,u,s,c,h,i,e,t,t,i
S,u,e, ,S,m,i,t,h
D,e,a,n, ,D,e,v,l,i,n
S,t,e,v,e, ,T,a,y,l,o,r
D,u,s,t,i,n, ,L,a,n,c,e, ,B,l,a,c,k
G,e,o,f,f,r,e,y, ,F,l,e,t,c,h,e,r
A,r,i, ,H,a,n,d,e,l
R,i,t,a, ,H,s,i,a,o
A,i,m,e,e, ,L,a,g,o,s
C,l,i,f,f, ,D,o,r,f,m,a,n
R,a,n,d, ,R,a,v,i,c,h
S,c,o,t,t, ,M,c,P,h,e,r,s,o,n
B,r,i,a,n, ,G,u,n,n
G,e,o,r,g,e, ,C,l,o,o,n,e,y
A,n,t,h,o,n,y, ,H,i,n,e,s
A,n,d,y, ,R,i,l,e,y
B,o, ,A,r,m,a,n,d,o
B,o,b,b,y, ,F,a,r,r,e,l,l,y
K,a,t,r,i,n, ,B,e,n,e,d,i,k,t
M,i,c,h,a,e,l, ,B,e,n,d,e,r
S,h,i,m,a,k,o, ,S,a,t,o
G,e,o,r,g,e, ,M,i,l,l,e,r
J,a,c,o,b, ,F,l,e,i,s,h,e,r
A,n,n,e, ,R,i,c,e
J,a,m,i,e, ,L,i,n,d,e,n
S,e,t,h, ,M,a,c,F,a,r,l,a,n,e
S,u,s,a,n,n,a,h, ,G,r,a,n,t
J,o,h,n, ,L,a,n,d,i,s
J,o,e, ,E,s,z,t,e,r,h,a,s
J,o,h,n, ,H,a,m,b,u,r,g
M,i,c,h,a,e,l, ,F,r,a,n,c,e
D,a,v,i,d, ,B,e,r,e,n,b,a,u,m
G,e,o,r,g,e, ,M,e,y,e,r
T,e,r,r,i, ,T,a,t,c,h,e,l,l
M,i,c,h,a,e,l, ,B,e,g,l,e,r
D,a,n,n,y, ,M,c,B,r,i,d,e
G,i,g,i, ,L,e,v,a,n,g,i,e
T,r,a,v,i,s, ,A,d,a,m, ,W,r,i,g,h,t
M,i,c,h,a,e,l, ,L,o,v,e
J,a,s,o,n, ,W,a,l,t,e,r,s
E,l,i,z,a,b,e,t,h, ,H,u,n,t,e,r
S,t,a,n,l,e,y, ,K,u,b,r,i,c,k
F,r,a,n,k, ,S,e,b,a,s,t,i,a,n,o
M,a,l,c,o,l,m, ,D,., ,L,e,e
M,i,c,h,a,e,l, ,J,., ,W,i,l,s,o,n
T,r,a,c,y, ,L,e,t,t,s
N,i,c,h,o,l,e, ,M,i,l,l,a,r,d
D,a,v,i,d, ,F,a,r,r
P,h,i,l,i,p,p,a, ,B,o,y,e,n,s
S,t,e,p,h, ,L,a,d,y
D,a,v,i,d, ,M,c,K,e,n,n,a
K,a,r,e,n, ,B,a,r,n,a
J,e,r,r,y, ,S,t,a,h,l
A,n,d,r,e,w, ,M,o,g,e,l
R,a,n,d,i, ,B,a,r,n,e,s
K,e,n,n,e,t,h, ,L,o,n,e,r,g,a,n
S,c,o,t,t, ,S,t,e,w,a,r,t
J,e,n,n,y, ,B,i,c,k,s
R,a,f,a,e,l, ,Y,g,l,e,s,i,a,s
R,o,b,e,r,t, ,S,i,e,g,e,l
J,o,h,n, ,R,o,m,a,n,o
J,u,l,i,u,s, ,L,e,w,i,s
K,e,n, ,M,a,r,i,n,o
J,e,f,f,r,e,y, ,B,o,a,m
D,a,n, ,S,t,u,d,n,e,y
M,i,c,h,a,e,l, ,P,e,t,r,o,n,i
S,t,e,v,e, ,R,o,d,n,e,y, ,M,c,Q,u,e,e,n
M,o,r,g,a,n, ,U,p,t,o,n, ,W,a,r,d
F,r,a,n,c,i,s,c,o, ,P,a,y,o, ,G,o,n,z,a,l,e,z
S,t,e,v,e, ,H,a,m,i,l,t,o,n, ,S,h,a,w
A,l,a,n, ,R,., ,C,o,h,e,n
J,o,n, ,E,r,w,i,n
M,i,k,e, ,J,e,f,f,e,r,i,e,s
K,a,t,i,e, ,W,e,c,h
J,o,h,n, ,A,u,g,u,s,t
M,a,t,t, ,G,r,e,e,n,h,a,l,g,h
D,e,a,n, ,C,r,a,i,g
D,a,m,o,n, ,L,i,n,d,e,l,o,f
T,y,l,e,r, ,M,c,G,e,e
D,a,n,i,e,l,l,e, ,A,l,e,x,a,n,d,r,a
N,e,i,l, ,C,r,o,s,s
J,a,s,o,n, ,F,r,i,e,d,b,e,r,g
M,e,l,i,s,s,a, ,R,o,s,e,n,b,e,r,g
J,a,m,i,e, ,K,e,n,n,e,d,y
T,o,b,i,a,s, ,L,i,n,d,h,o,l,m
T,i,n,a, ,G,o,r,d,o,n, ,C,h,i,s,m
N,e,a,l, ,P,u,r,v,i,s
P,a,u,l, ,T,a,m,a,s,y
K,e,v,i,n, ,W,a,d,e
J,.,J,., ,A,b,r,a,m,s
K,e,v,i,n, ,B,a,r,n,e,t,t
A,n,d,y, ,M,u,s,c,h,i,e,t,t,i
S,a,m, ,H,a,r,p,e,r
G,a,b,r,i,e,l,l,a, ,P,r,e,k,o,p
T,o,m, ,P,a,p,a
B,a,r,r,y, ,F,a,n,a,r,o
D,a,v,i,d, ,A,r,a,t,a
C,h,a,r,l,e,s, ,F,e,r,g,u,s,o,n
P,a,u,l, ,G,r,o,s,s
A,n,n,a, ,B,o,d,e,n
D,a,v,i,d, ,L,i,n,d,s,a,y,-,A,b,a,i,r,e
G,a,b,e, ,I,b,a,n,e,z
G,l,e,n,n, ,C,l,o,s,e
J,e,n,n,y, ,L,u,m,e,t
M,o,r,g,a,n, ,S,p,u,r,l,o,c,k
G,i,l,l, ,D,e,n,n,i,s
J,o,e,y, ,C,u,r,t,i,s
T,o,m, ,G,., ,G,l,a,z,e,r
S,y,l,v,e,s,t,e,r, ,S,t,a,l,l,o,n,e
P,e,t,e,r, ,H,e,d,g,e,s
B,i,l,l, ,K,e,l,l,y
A,l,a,n, ,S,h,a,r,p
B,r,u,c,e, ,J,o,e,l, ,R,u,b,i,n
M,i,c,h,a,e,l, ,G,o,u,g,h
C,a,t,h,y, ,Y,u,s,p,a
J,u,d,y, ,M,o,r,r,i,s
K,e,n, ,L,o,n,e,r,g,a,n
M,o,r,g,a,n, ,L,a,n,d
P,a,u,l, ,F,i,e,r,l,i,n,g,e,r
M,a,r,i,u,s, ,M,a,r,k,e,v,i,c,i,u,s
R,u,t,h, ,P,r,a,w,a,r, ,J,h,a,b,v,a,l,a
J,o,h,n, ,K,a,m,p,s
P,a,t,r,i,c,k, ,M,a,s,s,e,t,t
I,c,e, ,C,u,b,e
G,u,i,l,l,a,u,m,e, ,C,a,n,e,t
J,e,s,s,e, ,S,t,u,d,e,n,b,e,r,g
D,a,r,r,y,l, ,P,o,n,i,c,s,a,n
G,r,e,g, ,P,r,i,t,i,k,i,n
L,e,o, ,B,e,n,v,e,n,u,t,i
D,a,v,i,d, ,S,c,a,r,p,a
T,o,n,y, ,G,i,l,r,o,y
S,a,c,h,a, ,G,e,r,v,a,s,i
D,a,r,r,e,n, ,L,e,m,k,e
J,i,m, ,M,u,l,h,o,l,l,a,n,d
R,o,m,a,n, ,P,o,l,a,n,s,k,i
D,a,n, ,A,y,k,r,o,y,d
A,n,d,e,r,s, ,T,h,o,m,a,s, ,J,e,n,s,e,n
S,k,i,p, ,W,o,o,d,s
B,a,r,r,y, ,M,c,E,v,o,y
S,a,m, ,P,e,c,k,i,n,p,a,h
D,o,n, ,R,o,o,s
D,e,a,n,n,a, ,O,l,i,v,e,r
C,l,a,e,s, ,K,j,e,l,l,s,t,r,o,m
E,d, ,S,o,l,o,m,o,n
L,e,e, ,E,i,s,e,n,b,e,r,g
S,t,e,v,e, ,K,o,r,e,n
M,a,r,t,i,n, ,M,c,D,o,n,a,g,h
S,e,t,h, ,H,o,f,f,m,a,n
C,h,r,i,s, ,K,a,t,t,a,n
S,i,m,o,n, ,M,i,c,h,a,e,l
B,o,b,s, ,G,a,n,n,a,w,a,y
R,o,w,a,n, ,J,a,f,f,e
D,a,v,i,d, ,R,a,y,f,i,e,l
G,a,r,y, ,S,c,o,t,t, ,T,h,o,m,p,s,o,n
B,o,b, ,T,z,u,d,i,k,e,r
J,a,m,e,s, ,V,a,n,d,e,r,b,i,l,t
D,e,r,e,k, ,H,a,a,s
M,i,k,e, ,L,e,i,g,h
S,c,o,t, ,A,r,m,s,t,r,o,n,g
D,a,n, ,O,',B,a,n,n,o,n
J,a,v,i,e,r, ,S,a,n,c,h,e,z, ,D,o,n,a,t,e
D,a,v,i,d, ,Z,u,c,k,e,r
S,t,u, ,K,r,i,e,g,e,r
P,a,u,l,a, ,M,a,z,u,r
M,a,r,k, ,R,i,c,h,a,r,d
C,a,r,y, ,B,i,c,k,l,e,y
D,i,t,o, ,M,o,n,t,i,e,l
D,a,v,i,d, ,G,o,y,e,r
R,o,b, ,T,h,o,m,a,s
M,a,r,y, ,O,l,s,o,n,-,K,r,o,m,o,l,o,w,s,k,i
M,i,k,e, ,W,h,i,t,e
M,a,t,t,h,e,w, ,P,o,r,t,e,n,o,y
L,a,w,r,e,n,c,e, ,K,o,n,n,e,r
G,u,y, ,H,o,l,m,e,s
J,o,s,h, ,R,o,g,a,n
J,i,m, ,T,a,y,l,o,r
W,e,s, ,C,r,a,v,e,n
J,o,h,n, ,B,r,a,n,c,a,t,o
T,e,d, ,E,l,l,i,o,t,t
A,d,a,m, ,H,o,r,o,w,i,t,z
J,o,s,h,u,a, ,S,t,e,r,n,i,n
A,l,a,n, ,S,c,h,o,o,l,c,r,a,f,t
C,r,a,i,g, ,R,o,s,e,n,b,e,r,g
D,a,v,i,d, ,H,o,s,e,l,t,o,n
G,e,o,r,g,e, ,R,a,t,l,i,f,f
I,r,i,s, ,Y,a,m,a,s,h,i,t,a
J,i,m, ,B,u,r,n,s,t,e,i,n
J,o,h,n, ,S,i,n,g,l,e,t,o,n
N,o,e, ,G,a,s,p,a,r
A,l,f,o,n,s,o, ,C,u,a,r,ó,n
J,a,m,e,s, ,S,o,l,o,m,o,n
K,a,r,e,n, ,L,e,i,g,h, ,H,o,p,k,i,n,s
S,h,a,w,n, ,S,c,h,e,p,p,s
C,r,a,i,g, ,W,r,i,g,h,t
G,a,r,e,t,h, ,E,d,w,a,r,d,s
M,i,c,h,a,e,l, ,B,o,r,t,m,a,n
D,u,a,n,e, ,A,d,l,e,r
B,l,a,k,e, ,M,a,s,t,e,r,s
J,a,n,i,c,e, ,K,a,r,m,a,n
S,a,m, ,H,a,m,m
R,o,b,i,n, ,H,i,l,l
L,e,w,i,s, ,C,o,l,i,c,k
M,a,t,t,h,e,w, ,R,o,b,i,n,s,o,n
G,r,e,g, ,C,o,o,l,i,d,g,e
R,a,n,d,i, ,M,a,y,e,m, ,S,i,n,g,e,r
T,o,b,i,a,s, ,C,a,r,l,s,o,n
V,i,n,c,e,n,t, ,P,a,l,m,o, ,J,r,.
J,a,m,e,s, ,D,e,M,o,n,a,c,o
D,a,n, ,F,o,g,e,l,m,a,n
A,l, ,J,e,a,n
J,e,r,u,s,h,a, ,H,e,s,s
D,a,r,i,u,s, ,M,a,r,d,e,r
M,a,r,c, ,K,l,e,i,n
C,h,r,i,s,t,o,p,h,e,r, ,P,a,r,k,e,r
A,d,a,m, ,C,o,z,a,d
C,h,r,i,s, ,M,o,r,g,a,n
J,i,m, ,R,a,s,h
C,a,r,l, ,G,o,t,t,l,i,e,b
J,o,s,h, ,A,p,p,e,l,b,a,u,m
B,r,e,n,t, ,S,i,m,o,n,s
D,o,n,n,a, ,R,., ,C,l,a,r,k
T,o,m, ,G,o,r,m,i,c,a,n
J,o,n,a,t,h,a,n, ,N,o,l,a,n
M,i,k,e, ,W,e,b,b
A,n,d,r,e,w, ,G,u,r,l,a,n,d
W,o,n,g, ,K,a,r,-,w,a,i
K,a,s,i, ,L,e,m,m,o,n,s
J,o,h,n, ,S,u,l,l,i,v,a,n
B,e,r,k,e,l,y, ,M,a,t,h,e,r
P,e,t,e,r, ,S,t,r,a,u,g,h,a,n
N,e,v,e,l,d,i,n,e, ,&, ,T,a,y,l,o,r
O,l,i,v,i,a, ,S,i,l,v,e,r
J,o,h,n, ,F,r,a,n,c,i,s, ,D,a,l,e,y
J,a,s,o,n, ,S,e,g,e,l
M,a,x, ,L,a,n,d,i,s
B,r,i,a,n, ,L,y,n,c,h
W,i,l,l,a,r,d, ,H,u,y,c,k
A,n,n,i,e, ,M,u,m,o,l,o
R,o,n, ,O,s,b,o,r,n
S,c,o,t,t, ,R,o,s,e,n,b,e,r,g
N,i,c,o,l,e, ,E,a,s,t,m,a,n
D,a,v,i,d, ,B,a,t,t,l,e
M,a,r,c, ,L,a,w,r,e,n,c,e
C,u,r,t,i,s, ,H,a,n,s,o,n
B,e,n,e,d,e,k, ,F,l,i,e,g,a,u,f
M,i,k,e, ,D,i,s,a
K,e,l,l,y, ,B,o,w,e
W,i,l,l,i,a,m, ,I,v,o,r,y
D,r,e,w, ,D,o,w,d,l,e
A,l,i,n,e, ,B,r,o,s,h, ,M,c,K,e,n,n,a
M,i,c,h,a,e,l, ,J,., ,B,a,s,s,e,t,t
M,i,c,h,a,e,l, ,H,a,n,e,k,e
J,e,n,n,i,f,e,r, ,L,e,e
M,a,t,t, ,D,a,m,o,n
G,u,i,l,l,e,r,m,o, ,R,i,o,s
D,o,n, ,H,a,l,l
S,t,e,v,e, ,M,a,r,t,i,n
S,p,e,n,c,e,r, ,S,u,s,s,e,r
M,a,r,c, ,S,i,l,v,e,r,m,a,n
M,i,k,e, ,B,i,n,d,e,r
N,i,c,k, ,C,a,s,s,a,v,e,t,e,s
J,o,h,n, ,Z,i,n,m,a,n
B,r,e,n,d,a, ,C,h,a,p,m,a,n
R,o,b,e,r,t, ,B,e,n, ,G,a,r,a,n,t
L,e,s,l,i,e, ,D,i,x,o,n
G,l,o,r,i,a, ,K,a,t,z
J,o,e,l, ,S,o,i,s,s,o,n
S,t,e,p,h,e,n, ,M,i,l,b,u,r,n, ,A,n,d,e,r,s,o,n
S,t,e,p,h,e,n, ,K,e,n,d,r,i,c,k
J,o,h,n, ,S,a,y,l,e,s
M,i,c,h,a,e,l, ,D,e, ,L,u,c,a
M,i,k,e, ,C,a,h,i,l,l
J,o,s,h, ,S,a,f,r,a,n
J,o,b,y, ,H,a,r,o,l,d
J,u,l,i,e,t, ,S,n,o,w,d,e,n
B,o, ,G,o,l,d,m,a,n
S,e,a,n, ,P,e,n,n
G,a,g,e, ,L,a,n,s,k,y
Z,a,k, ,P,e,n,n
M,a,r,k, ,M,c,C,o,r,k,l,e
N,i,c,k, ,S,c,h,e,n,k
S,t,e,v,e, ,R,u,d,n,i,c,k
A,n,d,r,e, ,O,v,r,e,d,a,l
W,i,l,l, ,H,a,y,e,s
J,o,h,n, ,H,e,f,f,e,r,n,a,n
B,i,l,l, ,M,a,r,s,i,l,i,i
I,a,n, ,D,e,i,t,c,h,m,a,n
V,i,c,t,o,r, ,C,o,l,i,c,c,h,i,o
T,i,m,o,t,h,y, ,D,o,w,l,i,n,g
S,i,d,n,e,y, ,H,o,w,a,r,d
C,h,r,i,s, ,S,o,l,i,m,i,n,e
B,i,l,l, ,C,o,n,d,o,n
N,i,c,h,o,l,a,s, ,S,p,a,r,k,s
S,t,e,p,h,e,n, ,S,o,m,m,e,r,s
R,i,c,h,a,r,d, ,L,a,G,r,a,v,e,n,e,s,e
A,a,r,o,n, ,S,e,l,t,z,e,r
B,o,b, ,S,h,a,w
D,a,n,i,e,l, ,G,i,a,t
J,o,n,a,t,h,a,n, ,L,e,v,i,n,e
K,a,t,e, ,A,n,g,e,l,o
J,e,f,f, ,S,t,o,c,k,w,e,l,l
A,n,n, ,P,e,a,c,o,c,k
K,a,r,e,n, ,C,r,o,n,e,r
J,a,s,o,n, ,T,r,o,s,t
A,n,d,r,e,w, ,S,t,e,e,l,e
J,e,f,f, ,N,i,c,h,o,l,s
D,a,v,i,d, ,K,a,j,g,a,n,i,c,h
F,a,r,h,a,d, ,S,a,f,i,n,i,a
J,u,l,i,e, ,T,a,y,m,o,r
S,h,a,n,e, ,B,l,a,c,k
M,a,r,k, ,B,u,r,t,o,n
J,o,h,n, ,B,r,o,w,n,j,o,h,n
M,i,l,e,s, ,M,i,l,l,a,r
P,e,t,e,r, ,A,c,k,e,r,m,a,n
F,r,a,n,k, ,A,n,g,o,n,e,s
J,a,n, ,S,a,r,d,i
M,i,k,e, ,R,i,c,h
K,e,r,r,y, ,W,i,l,l,i,a,m,s,o,n
D,a,v,i,d, ,H,a,y,t,e,r
P,a,m,e,l,a, ,P,e,t,t,l,e,r
A,a,r,o,n, ,S,t,o,c,k,a,r,d
W,i,l,l,i,a,m, ,W,i,s,h,e,r
J,a,s,o,n, ,F,i,l,a,r,d,i
B,r,u,c,e, ,R,o,b,i,n,s,o,n
D,r,a,k,e, ,S,a,t,h,e,r
V,a,n,e,s,s,a, ,T,a,y,l,o,r
W,e,l,l,e,s,l,e,y, ,W,i,l,d
M,i,c,h,a,e,l, ,S,t,e,i,n,b,e,r,g
D,e,a,n, ,D,e,B,l,o,i,s
M,a,t,t, ,G,r,e,e,n,b,e,r,g
G,a,b,r,i,e,l,l,e, ,A,l,l,a,n
J,o,h,n, ,M,i,c,h,a,e,l, ,M,c,D,o,n,a,g,h
G,e,o,r,g,e, ,N,o,f,i
P,a,u,l, ,R,u,d,d
H,e,n,r,y, ,S,e,l,i,c,k
J,i,m, ,P,i,d,d,o,c,k
S,t,e,v,e, ,P,i,n,k
L,u,c,i,n,d,a, ,C,o,x,o,n
K,i,e,l, ,M,u,r,r,a,y
N,i,c,k, ,T,h,i,e,l
G,a,b,r,i,e,l,l,e, ,Z,e,v,i,n
P,h,i,l, ,J,o,h,n,s,t,o,n
J,o,s,e,p,h, ,K,a,h,n
R,i,c,h,a,r,d, ,P,r,i,c,e
N,i,c,k, ,T,o,m,n,a,y
C,a,m,i, ,D,e,l,a,v,i,g,n,e
K,i,m, ,B,a,r,k,e,r
J,i,m, ,V,., ,H,a,r,t
S,e,r,g,i,o, ,G,., ,S,a,n,c,h,e,z
M,i,c,h,a,e,l, ,F,i,n,c,h
K,e,v,i,n, ,J,a,m,e,s
R,a,j,e,e,v, ,S,i,g,a,m,o,n,e,y
B,.,W,.,L,., ,N,o,r,t,o,n
E,t,h,a,n, ,C,o,e,n
E,w,a,n, ,L,e,s,l,i,e
J,.,H,., ,W,y,m,a,n
D,a,n,a, ,S,t,e,v,e,n,s
O,l, ,P,a,r,k,e,r
J,a,m,e,s, ,F,l,y,n,n
K,a,t,e, ,C,o,n,n,o,r
M,a,r,c, ,S,m,e,r,l,i,n,g
J,e,s,s,i,c,a, ,S,u,e, ,B,u,r,s,t,e,i,n
A,l,a,n, ,J,., ,P,a,k,u,l,a
T,o,d,d, ,P,h,i,l,l,i,p,s
A,d,a,m, ,B,a,l,s,a,m
R,a,v,e,n, ,M,e,t,z,n,e,r
M,i,c,h,a,e,l, ,K,., ,R,a,y
S,c,o,t,t, ,K,o,s,a,r
D,a,v,i,d, ,R,o,n,n
P,a,u,l, ,W,e,i,t,z
W,a,r,r,e,n, ,S,k,a,a,r,e,n
S,i,m,o,n, ,P,e,g,g
C,r,a,i,g, ,B,o,l,o,t,i,n
P,e,t,e,r, ,B,a,y,n,h,a,m
F,r,e,d, ,W,o,l,f
A,r,t, ,M,a,r,c,u,m
M,i,k,e, ,M,i,l,l,s
C,h,r,i,s, ,C,o,l,u,m,b,u,s
T,a,r,i,k, ,L,o,w,e
S,t,e,p,h,e,n, ,S,u,s,c,o
M,i,c,h,a,e,l, ,G,r,a,i,s
L,i,z, ,B,r,i,x,i,u,s
K,a,r,e,n, ,J,a,n,s,z,e,n
R,o,b,e,r,t, ,S,o,u,z,a
J,a,c,k, ,E,p,p,s,",", ,J,r,.
S,e,a,n, ,D,u,r,k,i,n
S,a,i, ,V,a,r,a,d,a,n
R,o,b, ,L,e,t,t,e,r,m,a,n
M,i,c,h,a,e,l, ,A,r,n,d,t
G,a,b,r,i,e,l, ,C,a,s,s,e,u,s
S,h,a,w,n, ,W,a,y,a,n,s
J,a,s,o,n, ,L,e,w
J,o,s,e, ,R,i,v,e,r,a
E,l,i, ,C,r,a,i,g
M,a,t,t,h,e,w, ,W,a,t,t,s
D,a,v,i,d, ,M,a,r,c,o,n,i
J,o,e, ,A,h,e,a,r,n,e
J,o,h,n, ,P,a,t,r,i,c,k, ,S,h,a,n,l,e,y
T,o,n,y, ,G,r,i,s,o,n,i
W,i,l,l,i,a,m, ,H,j,o,r,t,s,b,e,r,g
L,a,u,r,a, ,L,a,u
N,i,c,o,l,a,s, ,G,i,a,c,o,b,o,n,e
S,h,a,n,e, ,S,a,l,e,r,n,o
K,e,v,i,n, ,W,i,l,l,i,a,m,s,o,n
L,e,t,i,t,c,i,a, ,L,o,p,e,z, ,M,a,r,g,a,l,l,i
D,e,n,n,i,s, ,F,e,l,d,m,a,n
M,i,c,h,a,e,l, ,C,o,o,n,e,y
M,i,c,h,a,e,l, ,W,e,i,s,s
S,e,b,a,s,t,i,a,n, ,G,u,t,i,e,r,r,e,z
D,r,e,w, ,G,o,o,d,a,r,d
J,a,r,r,a,d, ,P,a,u,l
B,e,n, ,A,f,f,l,e,c,k
F,r,e,d, ,M,., ,A,n,d,r,e,w,s
J,o,s,h,u,a, ,Z,e,t,u,m,e,r
L,a,r,r,y, ,F,e,r,g,u,s,o,n
M,i,c,h,a,e,l, ,H,., ,W,e,b,e,r
K,e,i,t,h, ,M,e,r,r,y,m,a,n
S,e,a,n, ,H,o,o,d
T,o,n,y, ,P,u,r,y,e,a,r
D,a,v,i,d, ,D,i,a,m,o,n,d
P,e,t,e,r, ,F,i,l,a,r,d,i
J,o,h,n, ,O,',B,r,i,e,n
P,e,t,e, ,J,o,n,e,s
M,i,l,e,s, ,C,h,a,p,m,a,n
D,e,a,n, ,G,e,o,r,g,a,r,i,s
R,o,g,e,r, ,H,a,w,k,i,n,s
R,o,b,e,r,t, ,T,o,w,n,e
E,l,i,z,a,b,e,t,h, ,S,h,a,p,i,r,o
K,a,r,l, ,G,a,j,d,u,s,e,k
K,r,i,s,t,i,a,n, ,R,u,s,k, ,R,o,b,i,n,s,o,n
A,b,d,u,l, ,W,i,l,l,i,a,m,s
D,a,v,i,d, ,A,a,r,o,n, ,C,o,h,e,n
R,i,c,h, ,W,i,l,k,e,s
L,i,s,a, ,A,z,u,e,l,o,s
L,u,k,e, ,G,r,e,e,n,f,i,e,l,d
M,i,c,h,a,e,l, ,M,a,r,k,o,w,i,t,z
D,a,n,i,e,l, ,S,c,h,e,c,h,t,e,r
D,e,o,n, ,T,a,y,l,o,r
S,e,r,g,e, ,J,o,n,c,o,u,r
J,o,h,n, ,E,s,k,o,w
P,e,t,e,r, ,L,e,p,e,n,i,o,t,i,s
F,r,a,n,k, ,M,i,l,l,e,r
K,r,i,s,t,e,n, ,W,i,i,g
M,a,r,k, ,R,o,s,n,e,r
A,n,d,r,e,w, ,A,d,a,m,s,o,n
J,a,n,e,t, ,S,c,o,t,t, ,B,a,t,c,h,l,e,r
J,i,m, ,R,e,a,r,d,o,n
J,o,e, ,R,a,n,f,t
E,l,s, ,V,a,n,d,e,v,o,r,s,t
C,h,u,c,k, ,K,o,n,z,e,l,m,a,n
M,i,k,e, ,S,c,u,l,l,y
M,a,t,t,h,e,w, ,R,o,b,b,i,n,s
D,a,n, ,F,r,a,n,c,k
E,d,w,a,r,d, ,B,u,r,n,s
D,a,n,i,e,l, ,P,y,n,e
B,e,n, ,F,a,l,c,o,n,e
P,.,J,., ,H,o,g,a,n
H,e,n,r,y, ,G,a,y,d,e,n
D,o,n, ,R,h,y,m,e,r
C,h,r,i,s, ,D,',A,r,i,e,n,z,o
F,r,a,n,k, ,D,a,r,a,b,o,n,t
M,a,t,t,h,e,w, ,H,u,f,f,m,a,n
B,r,a,d, ,J,., ,S,i,l,v,e,r,m,a,n
C,a,l, ,B,r,u,n,k,e,r
W,i,l,l, ,C,a,r,l,o,u,g,h
S,a,r,a,h, ,T,h,o,r,p
M,a,r,k, ,G,i,b,s,o,n
D,e,n,n,i,s, ,M,c,N,i,c,h,o,l,a,s
M,i,r,a,n,d,a, ,J,u,l,y
J,o,s,h, ,F,r,i,e,d,m,a,n
E,d,g,a,r, ,W,a,l,l,a,c,e
J,a,s,o,n, ,M,a,n,t,z,o,u,k,a,s
B,e,c,k,y, ,S,m,i,t,h
T,o,d,d, ,R,o,b,i,n,s,o,n
J,o,h,n, ,R,e,q,u,a
M,i,e,k,e, ,D,e, ,J,o,n,g
J,a,s,o,n, ,R,e,i,t,m,a,n
D,a,v,i,d, ,B,o,w,e,r,s
M,i,c,h,a,e,l, ,I,m,p,e,r,i,o,l,i
R,o,c,k,y, ,R,u,s,s,o
S,t,e,v,e, ,K,l,o,v,e,s
R,a,f,a, ,L,a,r,a
M,a,r,k, ,F,e,r,g,u,s
J,e,f,f, ,V,a,n, ,W,i,e
J,e,f,f, ,L,o,w,e,l,l
M,a,r,s,h,a,l,l, ,H,e,r,s,k,o,v,i,t,z
R,i,c,k, ,B,i,e,b,e,r
P,e,t,e,r, ,S,., ,S,e,a,m,a,n
W,e,s, ,A,n,d,e,r,s,o,n
T,o,m, ,T,y,k,w,e,r
E,d,w,a,r,d, ,K,i,t,s,i,s
C,h,a,r,l,e,s, ,M,c,K,e,o,w,n
M,i,k,e, ,C,e,r,r,o,n,e
S,y,l,v,a,i,n, ,C,h,o,m,e,t
M,a,x, ,B,o,r,e,n,s,t,e,i,n
J,o,n,a,s, ,W,i,t,t,e,n,m,a,r,k
E,r,i,c, ,D,a,r,n,e,l,l
D,a,v,i,d, ,A,l,a,n, ,G,r,i,e,r
C,r,a,i,g, ,D,i,F,o,l,c,o
J,e,f,f, ,B,u,s,h,e,l,l
B,r,a,d, ,I,n,g,e,l,s,b,y
P,e,t,e,r, ,T,h,o,r,w,a,r,t,h
D,u,k,e, ,S,a,n,d,e,f,u,r
T,e,g,a,n, ,W,e,s,t
C,h,r,i,s, ,H,e,n,c,h,y
W,e,l,l,s,e,s,l,y, ,W,i,l,d
M,i,c,h,a,e,l, ,B,a,c,a,l,l
M,a,t,t,h,e,w, ,S,a,n,d
P,e,n, ,D,e,n,s,h,a,m
P,e,t,e,r, ,A,l,l,e,n
S,c,o,t,t, ,S,i,l,v,e,r,y
A,n,d,r,e,w, ,L,l,o,y,d, ,W,e,b,b,e,r
B,i,l,l, ,F,e,r,g,u,s,o,n,m
R,o,n, ,J,., ,F,r,i,e,d,m,a,n
A,a,r,o,n, ,S,o,r,k,i,n
J,o,e,l, ,S,c,h,u,m,a,c,h,e,r
W,i,l,l,i,a,m, ,M,o,n,a,h,a,n
D,o,u,g, ,M,i,r,o
A,l,e,x, ,d,e, ,l,a, ,I,g,l,e,s,i,a
R,o,b, ,R,e,i,n,e,r
E,r,i,n, ,C,r,e,s,s,i,d,a, ,W,i,l,s,o,n
S,o,f,i,a, ,C,o,p,p,o,l,a
R,y,a,n, ,M,u,r,p,h,y
J,.,C,., ,C,h,a,n,d,o,r
J,.,S,., ,C,a,r,d,o,n,e
M,a,r,k, ,V,i,c,t,o,r
B,e,t,o, ,G,o,m,e,z
D,a,v,i,d, ,M,i,r,k,i,n
D,e,a,n, ,P,i,t,c,h,f,o,r,d
T,o,m, ,J,., ,A,s,t,l,e
A,l,e,s,s,a,n,d,r,a, ,T,a,n,a,k,a
J,u,s,t,i,n, ,T,h,e,r,o,u,x
T,y,l,e,r, ,P,e,r,r,y
C,o,r,y, ,E,d,w,a,r,d,s
S,t,e,v,e,n, ,C,o,n,r,a,d
P,a,u,l, ,L,o,v,e,t,t
J,o,h,n, ,R,o,g,e,r,s
J,e,f,f, ,W,a,d,l,o,w
D,o,n,a,l,d, ,M,i,l,l,e,r
C,a,r,y, ,S,o,l,o,m,o,n
G,a,r,y, ,E,c,k
J,e,f,f,r,e,y, ,P,r,i,c,e
T,o,d,d, ,G,r,a,f,f
D,a,v,i,d, ,D,o,r,f,m,a,n
A,l,a,i,n, ,B,o,u,b,l,i,l
B,i,l,l,y, ,R,a,y
M,i,c,h,a,e,l, ,M,i,t,n,i,c,k
H,a,r,m,o,n, ,K,a,s,l,o,w
L,i,a,m, ,O,',D,o,n,n,e,l,l
V,i,n,c,e, ,V,a,u,g,h,n
K,a,t,h,r,y,n, ,P,r,i,c,e
D,a,m,i,e,n, ,C,h,a,z,e,l,l,e
D,a,n, ,S,c,a,n,l,o,n
G,e,n,e, ,S,t,u,p,n,i,t,s,k,y
D,o,n,o,v,a,n, ,M,o,n,t,i,e,r,t,h
B,o,b, ,F,i,s,h,e,r
D,a,v,i,d, ,O,., ,R,u,s,s,e,l,l
D,a,v,i,d, ,W,e,i,s,b,e,r,g
C,r,a,i,g, ,C,o,x
J,a,y, ,C,o,c,k,s
A,d,a,m, ,S,a,n,d,l,e,r
T,o,m,m,y, ,S,w,e,r,d,l,o,w
J,.,D,., ,Z,e,i,k
N,a,t, ,M,a,u,l,d,i,n
B,o,b, ,B,a,k,e,r
P,e,t,e,r, ,C,r,a,i,g
M,a,t,t, ,S,h,e,r,r,i,n,g
J,o,h,n, ,M,u,s,k,e,r
S,c,o,t,t, ,M,a,r,s,h,a,l,l, ,S,m,i,t,h
L,e,e, ,A,n,t,h,o,n,y, ,S,m,i,t,h
P,e,t,e,r, ,R,a,d,e,r
D,a,v,i,d, ,A,., ,N,e,w,m,a,n
K,a,r,e,n, ,M,c,C,u,l,l,a,h, ,L,u,t,z
J,o,h,n, ,L,u,e,s,s,e,n,h,o,p
M,i,k,e, ,F,l,a,n,a,g,a,n
J,o,h,n, ,S,w,a,r,t,z,w,e,l,d,e,r
L,e,e, ,S,t,e,r,n,t,h,a,l
R,i,c,k, ,R,a,m,a,g,e
D,a,v,i,d, ,P,a,t,t,e,r,s,o,n
C,r,a,i,g, ,T,i,l,e,y
S,c,o,t,t, ,M,o,o,r,e
D,a,v,i,d, ,L,o,u,g,h,e,r,y
P,e,t,e,r, ,C,., ,F,o,s,t,e,r
A,n,d,y, ,W,a,c,h,o,w,s,k,i
D,a,v,i,d, ,E,., ,T,a,l,b,e,r,t
P,a,u,l, ,J,a,n, ,N,e,l,i,s,s,e,n
B,e,n, ,W,h,e,a,t,l,e,y
R,i,c,h, ,J,a,f,f,a
P,a,b,l,o, ,F,., ,F,e,n,j,v,e,s
S,c,o,t,t, ,M,., ,G,i,m,p,l,e
J,a,c,q,u,e,s, ,T,a,t,i
J,e,r,e,m,y, ,P,a,s,s,m,o,r,e
D,e,r,e,k, ,C,i,a,n,f,r,a,n,c,e
P,h,i,l, ,L,o,r,d
D,o,n, ,P,a,y,n,e
D,a,v,i,d, ,B,e,n,i,o,f,f
M,a,r,k, ,L,e,v,i,n
B,e,r,r,y, ,M,a,r,d,e,r
J,e,f,f,r,e,y, ,V,e,n,t,i,m,i,l,i,a
P,a,u,l, ,T,h,o,m,a,s, ,A,n,d,e,r,s,o,n
N,i,c,h,o,l,a,s, ,P,i,l,e,g,g,i
M,a,x, ,W,e,r,n,e,r
M,a,r,c, ,N,o,r,m,a,n
E,t,i,e,n,n,e, ,C,o,m,a,r
Q,a,s,i,m, ,B,a,s,i,r
S,.,S,., ,W,i,l,s,o,n
D,a,v,i,d, ,L,e,s,l,i,e, ,J,o,h,n,s,o,n
J,e,f,f,r,e,y, ,N,a,c,h,m,a,n,o,f,f
J,o,n,a,t,h,a,n, ,D,e,m,m,e
N,e,i,l, ,G,a,i,m,a,n
A,l,l,a,n, ,L,o,e,b
B,e,n, ,Y,o,r,k, ,J,o,n,e,s
D,i,a,b,l,o, ,C,o,d,y
D,a,v,i,d, ,T,w,o,h,y
P,a,t,r,i,c,k, ,C,i,r,i,l,l,o
C,h,r,i,s,t,o,p,h,e,r, ,M,c,Q,u,a,r,r,i,e
V,i,n,c,e,n,t, ,P,a,t,r,i,c,k
M,a,r,k, ,Y,o,u,n,g
S,e,a,n, ,F,i,n,e,g,a,n
J,o,e, ,C,a,r,n,a,h,a,n
W,i,l,l,i,a,m, ,B,l,a,k,e, ,H,e,r,r,o,n
C,l,i,o, ,C,h,i,a,n,g
A,d,a,m, ,D,i,c,k
J,a,m,e,s, ,T,o,b,a,c,k
L,e,s,l,y,e, ,H,e,a,d,l,a,n,d
A,n,t,h,o,n,y, ,T,a,m,b,a,k,i,s
J,e,r,e,m,y, ,B,r,o,c,k
C,i,n,c,o, ,P,a,u,l
T,o,m, ,B,e,z,u,c,h,a
A,l,f,r,e,d, ,G,o,u,g,h
J,u,s,t,i,n, ,H,a,y,t,h,e
N,e,i,l,l, ,B,l,o,m,k,a,m,p
A,l,l,e,n, ,C,o,v,e,r,t
R,o,n, ,K,o,v,i,c
E,l,i, ,R,o,t,h
N,o,a,m, ,D,r,o,m,i
C,h,a,r,l,e,s, ,L,e,d,e,r,e,r
T,o,n,i, ,A,n,n, ,J,o,h,n,s,o,n
A,n,d,r,e,w, ,N,i,c,c,o,l
S,t,e,v,e,n, ,S,p,i,e,l,b,e,r,g
G,r,a,n,t, ,H,e,s,l,o,v
G,e,o,f,f, ,L,u,T,u,l,i,p,p,e
M,a,t,t,h,e,w, ,V,a,u,g,h,n
R,o,b,e,r,t, ,R,o,d,r,i,g,u,e,z
W,i,l,l, ,G,r,a,h,a,m
S,t,e,p,h,e,n, ,M,a,z,u,r
H,a,r,o,l,d, ,R,a,m,i,s
L,e,w,i,s, ,J,o,h,n, ,C,a,r,l,i,n,o
P,a,u,l, ,W,.,S,., ,A,n,d,e,r,s,o,n
A,b,i, ,M,o,r,g,a,n
J,o,s,h, ,K,l,a,u,s,n,e,r
A,l,a,n, ,J,a,c,o,b,s
O,w,e,n, ,W,i,l,s,o,n
B,o,b, ,P,e,t,e,r,s,o,n
J,a,m,e,s, ,S,c,h,a,m,u,s
D,a,r,r,y,l, ,Q,u,a,r,l,e,s
C,o,l,i,n, ,S,w,a,s,h
T,e,r,r,y, ,H,a,y,e,s
D,e,n,n,i,s, ,G,a,n,s,e,l
C,a,l,e,b, ,W,i,l,s,o,n
D,a,m,i,o,n, ,L,i,n,d,e,l,o,f
R,a,f,f,a,e,l,l,a, ,D,e,l,l,e, ,D,o,n,n,e
J,o,h,n, ,C,u,s,a,c,k
R,i,c,h,a,r,d, ,W,e,n,k
B,r,e,n,d,a,n, ,O,',B,r,i,e,n
K,i,m,b,e,r,l,y, ,P,e,i,r,c,e
K,a,t,h,y, ,G,r,e,e,n,b,u,r,g
S,t,e,v,e, ,C,o,n,r,a,d
D,a,v,i,d, ,A,y,e,r
D,a,n, ,S,h,e,r,e
T,o,m, ,H,a,n,k,s
S,t,e,v,e,n, ,A,n,t,i,n
A,l,u,n, ,O,w,e,n
A,l,v,a,r,e,z, ,R,o,d,o, ,S,a,y,a,g,e,s
S,t,e,v,e,n, ,Z,a,l,l,i,a,n
L,o,r,n,e, ,C,a,m,e,r,o,n
T,o,d,d, ,A,l,c,o,t,t
T,o,n,y, ,K,u,s,h,n,e,r
M,a,t,t,h,e,w, ,M,i,c,h,a,e,l, ,C,a,r,n,a,h,a,n
R,o,n, ,S,h,e,l,t,o,n
B,r,i,a,n, ,K,e,s,i,n,g,e,r
S,t,e,v,e, ,B,l,o,o,m
M,i,c,h,a,e,l, ,T,o,l,k,i,n
S,t,e,p,h,e,n, ,C,h,b,o,s,k,y
K,e,n, ,N,o,l,a,n
A,n,g,e,l,a, ,W,o,r,k,m,a,n
R,o,d, ,L,u,r,i,e
D,o,n,n,a, ,P,o,w,e,r,s
J,i,m, ,U,h,l,s
G,i,n,a, ,P,r,i,n,c,e,-,B,y,t,h,e,w,o,o,d
M,a,r,k, ,N,e,v,e,l,d,i,n,e
K,e,n, ,H,i,x,o,n
J,o,n, ,H,u,r,w,i,t,z
D,o,u,g, ,C,h,a,m,b,e,r,l,i,n
S,h,o,n,d,a, ,R,h,i,m,e,s
E,r,i,c, ,H,e,i,s,s,e,r,e,r
A,n,t,h,o,n,y, ,M,i,n,g,h,e,l,l,a
M,a,y,a, ,F,o,r,b,e,s
A,l,e,x, ,C,o,x
E,r,i,c, ,R,o,t,h
J,a,r,e,d, ,S,t,e,r,n
M,i,c,h,a,e,l, ,C,a,l,e,o
R,y,a,n, ,J,., ,C,o,n,d,a,l
D,a,n, ,M,c,D,e,r,m,o,t,t
M,a,t,t, ,H,o,l,l,o,w,a,y
P,a,n,o,s, ,C,o,s,m,a,t,o,s
J,e,f,f,r,e,y, ,M,., ,H,o,w,a,r,d
N,o,r,a, ,E,p,h,r,o,n
J,u,l,i,e, ,D,e,l,p,y
P,a,u,l, ,G,u,a,y
S,a,r,a, ,P,a,r,r,i,o,t,t
C,h,a,n,n,i,n,g, ,G,i,b,s,o,n
M,a,r,k, ,H,e,y,m,a,n
J,a,m,e,s, ,M,a,t,h,e,r
S,t,e,p,h,e,n, ,S,a,i,n,t,-,L,e,g,e,r
A,r,n,e,l,l, ,J,e,s,k,o
S,t,e,v,e, ,B,o,x
R,o,b,e,r,t, ,Z,e,m,e,c,k,i,s
A,l,e,c, ,S,u,l,k,i,n
A,n,d,r,e,w, ,K,e,v,i,n, ,W,a,l,k,e,r
B,r,i,a,n, ,K,o,p,p,l,e,m,a,n
L,i,n,d,s,a,y, ,D,e,v,l,i,n
J,a,c,k, ,P,a,g,l,e,n
B,e,r,n,a,r,d,o, ,B,e,r,t,o,l,u,c,c,i
H,a,l,s,t,e,d, ,W,e,l,l,e,s
W,i,l,l,i,a,m, ,N,i,c,h,o,l,s,o,n
L,o,r,i, ,P,e,t,t,y
T,r,a,v,i,s, ,B,e,a,c,h,a,m
S,e,a,n, ,B,y,r,n,e
A,a,r,o,n, ,M,c,G,r,u,d,e,r
T,o,d, ,D,a,v,i,e,s
J,a,n,e, ,G,o,l,d,m,a,n
M,., ,N,i,g,h,t, ,S,h,y,a,m,a,l,a,n
R,o,b,e,r,t, ,S,m,i,g,e,l
R,i,c,h,a,r,d, ,M,a,i,b,a,u,m
B,a,r,r,y, ,L,., ,L,e,v,y
A,d,a,m, ,M,c,K,a,y
N,i,c,h,o,l,a,s, ,S,t,o,l,l,e,r
H,i,l,l,a,r,y, ,S,e,i,t,z
T,o,m, ,W,h,e,e,l,e,r
J,o,n,a,t,h,a,n, ,L,e,m,k,i,n
C,h,r,i,s, ,W,e,b,b
M,i,c,h,a,e,l, ,B,., ,G,o,r,d,o,n
A,d,a,m, ,M,o,n,t,i,e,r,t,h
J,o,h,n, ,L,e,e, ,H,a,n,c,o,c,k
S,t,e,v,e, ,P,u,r,c,e,l,l
E,r,i,c,h, ,H,o,e,b,e,r
D,.,V,., ,D,e,V,i,n,c,e,n,t,i,s
W,a,l,o,n, ,G,r,e,e,n
K,y,l,e, ,W,a,r,d
W,i,l,l, ,F,e,t,t,e,r,s
J,o,n,a,s, ,C,u,a,r,o,n
J,o,h,a,n,n,a, ,H,a,r,w,o,o,d
R,u,p,e,r,t, ,W,a,l,t,e,r,s
J,e,f,f, ,P,o,p,e
P,h,i,l, ,L,o,r,i,n
K,i,r,s,t,e,n, ,S,m,i,t,h
R,o,b,e,r,t,o, ,A,g,u,i,r,r,e,-,S,a,c,a,s,a
I,a,n, ,M,o,r,r,i,s
D,a,v,i,d, ,G,u,i,o,n
S,t,u,a,r,t, ,B,e,a,t,t,i,e
B,e,n, ,B,e,s,t
M,a,r,t,i,n, ,S,c,o,r,s,e,s,e
R,i,c,h,a,r,d, ,L,i,n,k,l,a,t,e,r
M,a,r,k, ,B,o,m,b,a,c,k
R,i,c,k,y, ,G,e,r,v,a,i,s
J,o,n, ,H,o,e,b,e,r
A,n,a,l,i,s,a, ,L,a,b,i,a,n,c,o
E,v,a,n, ,G,o,l,d,b,e,r,g
D,a,n,i,e,l, ,B,a,r,n,z
C,h,r,i,s,t,o,p,h,e,r, ,B,o,r,r,e,l,l,i
J,e,b, ,S,t,u,a,r,t
C,l,a,r,e, ,S,e,r,a
W,o,o,d,y, ,A,l,l,e,n
R,o,b,e,r,t, ,N,e,l,s,o,n, ,J,a,c,o,b,s
S,a,m,i,r, ,F,o,c,o
S,i,m,o,n, ,W,e,l,l,s
H,a,y,d,e,n, ,S,c,h,l,o,s,s,b,e,r,g
O,l,i,v,e,r, ,B,u,t,c,h,e,r
M,a,r,k, ,P,a,l,e,r,m,o
E,d,w,a,r,d, ,R,i,c,o,u,r,t
M,a,r,k, ,A,n,d,r,e,w,s
A,d,a,m, ,M,a,r,c,u,s
J,i,m, ,J,e,n,n,e,w,e,i,n
D,o,m,o,n,i,c, ,P,a,r,i,s
A,l, ,R,e,i,n,e,r,t
R,i,c,h,a,r,d, ,M,a,t,h,e,s,o,n
R,y,n,e, ,D,o,u,g,l,a,s, ,P,e,a,r,s,o,n
C,h,a,r,l,e,s, ,M,a,t,t,h,a,u
K,a,m,i,r, ,A,i,n,o,u,z
C,h,r,i,s,t,o,p,h,e,r, ,L,a,n,d,o,n
D,a,v,i,d, ,G,u,g,g,e,n,h,e,i,m
J,o,n,a,t,h,a,n, ,V,a,n, ,T,u,l,l,e,k,e,n
C,r,a,i,g, ,M,a,z,i,n
S,t,e,v,e, ,C,a,r,e,l,l
M,a,r,k, ,D,u,p,l,a,s,s
R,o,b,e,r,t, ,E,i,s,e,l,e
H,e,r,b,e,r,t, ,K,r,e,t,z,m,e,r
R,o,n, ,A,n,d,e,r,s,o,n
C,h,r,i,s,t,o,p,h,e,r, ,L,., ,Y,o,s,t
D,a,v,i,d, ,R,a,b,e
J,o,h,n, ,R,., ,S,m,i,t,h
N,o,a,h, ,B,a,u,m,b,a,c,h
A,m,y, ,H,i,g,g,i,n,s
B,e,h,n, ,Z,e,i,t,l,i,n
C,h,r,i,s,t,o,p,h,e,r, ,M,a,r,k,u,s
D,o,u,g, ,R,i,c,h,a,r,d,s,o,n
P,e,t,e,r, ,A,., ,D,o,w,l,i,n,g
S,c,o,t,t, ,C,o,o,p,e,r
J,o,n,a,t,h,a,n, ,H,a,l,e,s
E,r,i,c, ,W,a,r,r,e,n, ,S,i,n,g,e,r
R,y,a,n, ,R,o,w,e
J,e,n,n,i,f,e,r, ,F,l,o,c,k,e,t,t
T,a,t,e, ,T,a,y,l,o,r
M,a,r,k, ,C,u,l,l,e,n
J,o,n, ,F,a,v,r,e,a,u
C,h,r,i,s, ,T,e,r,r,i,o
D,a,v,i,d, ,Z,e,l,a,g, ,G,o,o,d,m,a,n
C,h,r,i,s,t,o,p,h,e,r, ,D,e,n,k
V,i,n,c,e,n,t, ,N,g,o
D,a,v,i,d, ,R,e,y,n,o,l,d,s
H,o,w,a,r,d, ,F,r,a,n,k,l,i,n
B,r,i,a,n, ,P,a,t,r,i,c,k, ,O,',T,o,o,l,e
M,i,k,k,o, ,A,l,a,n,n,e
D,o,n, ,J,a,k,o,b,y
G,u,y, ,R,i,t,c,h,i,e
C,o,r,m,a,c, ,M,c,C,a,r,t,h,y
R,o,g,e,r, ,S,.,H,., ,S,c,h,u,l,m,a,n
L,a,r,r,y, ,M,c,M,u,r,t,r,y
G,e,o,r,g,e, ,G,a,l,l,o
A,m,y, ,A,n,d,e,l,s,o,n
B,r,a,d, ,C,o,p,e,l,a,n,d
P,e,t,e,r, ,M,o,r,g,a,n
A,n,d,r,e,w, ,F,l,e,m,i,n,g
N,o,r,m, ,M,a,c,D,o,n,a,l,d
M,i,c,h,e,l,l, ,K,a,p,n,e,r
W,i,l,l,i,a,m, ,O,s,b,o,r,n,e
J,o,n,a,t,h,a,n, ,A,i,b,e,l
G,e,o,r,g,e, ,C,l,a,y,t,o,n, ,J,o,h,n,s,o,n
G,i,d,e,o,n, ,D,e,f,o,e
J,a,s,o,n, ,K,a,t,i,m,s
M,a,r,a, ,B,r,o,c,k, ,A,k,i,l
A,l,f,r,e,d, ,U,h,r,y
V,i,n,c,e, ,G,i,l,l,i,g,a,n
R,o,b,e,r,t, ,G,o,r,d,o,n
M,i,c,h,a,e,l, ,C,r,i,c,h,t,o,n
A,n,d,r,e,i, ,K,o,n,c,h,a,l,o,v,s,k,y
P,e,t,e,r, ,S,p,i,e,r,i,g
B,e,n, ,R,i,p,l,e,y
N,i,c,h,o,l,a,s, ,J,a,r,e,c,k,i
J,e,f,f, ,P,i,n,k,n,e,r
P,a,u,l, ,W,e,r,n,i,c,k
S,u,s,a,n, ,S,h,i,l,l,i,d,a,y
R,y,a,n, ,C,o,o,g,l,e,r
T,r,i,n,a, ,C,a,l,d,e,r,o,n
A,n,d,y, ,R,o,b,i,n
M,a,t,t, ,L,o,p,e,z
G,a,r,y, ,R,o,s,s
N,i,c,o,l,e, ,H,o,l,o,f,c,e,n,e,r
G,e,o,f,f, ,R,o,d,k,e,y
S,c,o,t,t, ,M,u,r,p,h,y
K,e,n, ,D,a,u,r,i,o
Z,a,c,k, ,S,t,e,n,t,z
C,h,r,i,s, ,M,a,t,h,e,s,o,n
G,u,s,t,i,n, ,N,a,s,h
T,o,m, ,M,c,G,r,a,t,h
S,o,n,n,y, ,M,a,l,l,h,i
B,r,i,a,n, ,M,i,l,l,e,r
A,n,d,r,e,w, ,K,n,a,u,e,r
B,r,a,g,i, ,S,c,h,u,t
S,t,e,p,h,e,n, ,S,i,n,c,l,a,i,r
A,l,e,x, ,K,e,n,d,r,i,c,k
S,c,o,t,t, ,M,o,s,i,e,r
A,s,h,l,e,y, ,E,d,w,a,r,d, ,M,i,l,l,e,r
M,a,t,t, ,E,m,b,e,r
A,r,l,e,n,e, ,G,i,b,b,s
R,o,b,b, ,C,u,l,l,e,n
J,o,h,n, ,C,o,l,l,e,e
M,i,c,h,a,e,l, ,R,., ,P,e,r,r,y
A,n,d,r,e,w, ,S,c,h,e,i,n,m,a,n
W,a,n,g, ,X,i,n,g,d,o,n,g
C,., ,J,a,y, ,C,o,x
B,i,l,l, ,W,a,l,s,h
K,e,l,l,y, ,M,a,s,t,e,r,s,o,n
S,p,i,k,e, ,J,o,n,z,e
A,n,n,e, ,S,p,i,e,l,b,e,r,g
N,i,c,k, ,S,a,n,t,o,r,a
R,y,a,n, ,F,l,e,c,k
J,e,f,f, ,B,a,e,n,a
R,a,y, ,W,r,i,g,h,t
H,a,r,r,y, ,E,l,f,o,n,t
N,i,c,o,l,e, ,P,e,r,l,m,a,n
S,a,c,h,a, ,B,a,r,o,n, ,C,o,h,e,n
T,i,m, ,R,o,b,b,i,n,s
R,o,b,i,n, ,S,w,i,c,o,r,d
D,i,a,n,e, ,R,u,g,g,i,e,r,o
W,h,i,t, ,S,t,i,l,l,m,a,n
B,r,i,a,n, ,N,e,l,s,o,n
D,u,n,c,a,n, ,S,c,o,t,t
B,r,a,d, ,B,i,r,d
A,n,t,h,o,n,y, ,P,e,c,k,h,a,m
A,n,d,r,e,w, ,J,a,y, ,C,o,h,e,n
F,a,x, ,B,a,h,r
D,a,n,i,e,l, ,G,e,r,s,o,n
S,c,o,t,t, ,S,t,a,b,i,l,e
T,r,a,v,i,s, ,L,e,g,g,e
R,o,b, ,S,c,h,r,a,b
R,o,m,a,n, ,C,o,p,p,o,l,a
E,d,g,a,r, ,A,l,l,a,n, ,W,o,o,l,f
M,a,r,s,h,a,l,l, ,B,r,i,c,k,m,a,n
J,o,r,g,e, ,G,u,e,r,r,i,c,a,e,c,h,e,v,a,r,r,í,a
J,o,h,n, ,S,w,e,t,n,a,m
R,o,n, ,G,e,l,n,e,r
D,a,n, ,R,u,s,h
A,